user_genome	classification	closest_genome_reference	closest_genome_reference_radius	closest_genome_taxonomy	closest_genome_ani	closest_genome_af	closest_placement_reference	closest_placement_radius	closest_placement_taxonomy	closest_placement_ani	closest_placement_af	pplacer_taxonomy	classification_method	note	other_related_references(genome_id,species_name,radius,ANI,AF)	msa_percent	translation_table	red_value	warnings
MEGAHIT-MetaBAT2-Sample_ID58-KF_14_BOTTOM.6.fa																			
MEGAHIT-MetaBAT2-Sample_ID58-KF_14_BOTTOM.2.fa	d__Archaea;p__Halobacteriota;c__Bog-38;o__Bog-38;f__Bog-38;g__Bog-38;s__						GCA_003170935.1	95.0	d__Archaea;p__Halobacteriota;c__Bog-38;o__Bog-38;f__Bog-38;g__Bog-38;s__Bog-38 sp003170935	87.6	0.381	d__Archaea;p__Halobacteriota;c__Bog-38;o__Bog-38;f__Bog-38;g__Bog-38;s__	taxonomic classification defined by topology and ANI		GCA_015660915.1, s__Bog-38 sp015660915, 95.0, 84.97, 0.202	90.82	11.0	0.97062	
MEGAHIT-MetaBAT2-Sample_ID58-KF_14_BOTTOM.1.fa	d__Bacteria;p__Caldisericota;c__Caldisericia;o__Cryosericales;f__Cryosericaceae;g__Cryosericum;s__Cryosericum hinesii	GCF_003570985.1	95.0	d__Bacteria;p__Caldisericota;c__Caldisericia;o__Cryosericales;f__Cryosericaceae;g__Cryosericum;s__Cryosericum hinesii	97.78	0.88							ani_screen	classification based on ANI only	GCF_003570925.1, s__Cryosericum terrychapinii, 95.0, 90.46, 0.589; GCA_026390285.1, s__Cryosericum sp026390285, 95.0, 86.0, 0.225; GCA_903871855.1, s__Cryosericum sp903871855, 95.0, 86.3, 0.31; GCF_003570935.1, s__Cryosericum odellii, 95.0, 93.57, 0.594; GCA_026390215.1, s__Cryosericum sp026390215, 95.0, 87.09, 0.273; GCA_026390155.1, s__Cryosericum sp026390155, 95.0, 84.74, 0.183; GCA_013824685.1, s__Cryosericum sp013824685, 95.0, 87.94, 0.451; GCF_003570995.1, s__Cryosericum septentrionale, 95.0, 90.55, 0.555; GCA_026390195.1, s__Cryosericum sp026390195, 95.0, 88.12, 0.381				
MEGAHIT-MetaBAT2-Sample_ID58-KF_14_BOTTOM.3.fa	d__Bacteria;p__Bacteroidota;c__Bacteroidia;o__Bacteroidales;f__VadinHA17;g__LD21;s__											d__Bacteria;p__Bacteroidota;c__Bacteroidia;o__Bacteroidales;f__VadinHA17;g__LD21;s__	taxonomic classification fully defined by topology	classification based on placement in class-level tree		56.11	11.0	0.9624	
MEGAHIT-MetaBAT2-Sample_ID58-KF_14_BOTTOM.4.fa	d__Bacteria;p__Chloroflexota;c__Limnocylindria;o__Limnocylindrales;f__CSP1-4;g__CTSoil-043;s__											d__Bacteria;p__Chloroflexota;c__Limnocylindria;o__Limnocylindrales;f__CSP1-4;g__CTSoil-043;s__	taxonomic classification fully defined by topology	classification based on placement in class-level tree		31.14	11.0	0.90904	Genome has more than 12.5% of markers with multiple hits
MEGAHIT-MetaBAT2-Sample_ID58-KF_14_BOTTOM.5.fa	d__Bacteria;p__Actinomycetota;c__Geothermincolia;o__Fen-727;f__Anoxymicrobiaceae;g__;s__											d__Bacteria;p__Actinomycetota;c__Geothermincolia;o__Fen-727;f__Anoxymicrobiaceae;g__;s__	taxonomic novelty determined using RED	classification based on placement in class-level tree		45.86	11.0	0.75013	
MEGAHIT-MetaBAT2-Sample_ID58-KF_14_BOTTOM.7.fa	d__Bacteria;p__Chloroflexota;c__Dehalococcoidia;o__DSTF01;f__JALHUB01;g__JALHUB01;s__											d__Bacteria;p__Chloroflexota;c__Dehalococcoidia;o__DSTF01;f__JALHUB01;g__JALHUB01;s__	taxonomic novelty determined using RED	classification based on placement in class-level tree		63.38	11.0	0.94694	
MEGAHIT-MetaBAT2-Sample_ID58-KF_14_BOTTOM.8.fa	d__Bacteria;p__Planctomycetota;c__Phycisphaerae;o__Sedimentisphaerales;f__SG8-4;g__Fen-1362;s__						GCA_003170415.1	95.0	d__Bacteria;p__Planctomycetota;c__Phycisphaerae;o__Sedimentisphaerales;f__SG8-4;g__Fen-1362;s__Fen-1362 sp003170415	90.01	0.495	d__Bacteria;p__Planctomycetota;c__Phycisphaerae;o__Sedimentisphaerales;f__SG8-4;g__Fen-1362;s__	taxonomic classification defined by topology and ANI	classification based on placement in class-level tree	GCA_003141275.1, s__Fen-1362 sp003141275, 95.0, 88.47, 0.35; GCA_903857265.1, s__Fen-1362 sp903857265, 95.0, 83.74, 0.198	86.45	11.0	0.99237	
MEGAHIT-MetaBAT2-Sample_ID58-KF_14_BOTTOM.9.fa	d__Bacteria;p__Desulfobacterota_E;c__Deferrimicrobia;o__Deferrimicrobiales;f__Deferrimicrobiaceae;g__Deferrimicrobium;s__Deferrimicrobium sp937863105	GCA_937863105.1	95.0	d__Bacteria;p__Desulfobacterota_E;c__Deferrimicrobia;o__Deferrimicrobiales;f__Deferrimicrobiaceae;g__Deferrimicrobium;s__Deferrimicrobium sp937863105	95.43	0.69							ani_screen	classification based on ANI only	GCA_017881405.1, s__Deferrimicrobium sp017881405, 95.0, 91.88, 0.603; GCA_007280195.1, s__Deferrimicrobium sp007280195, 95.0, 90.15, 0.46; GCA_011391555.1, s__Deferrimicrobium sp011391555, 95.0, 94.0, 0.711; GCA_024653725.1, s__Deferrimicrobium sp024653725, 95.0, 93.68, 0.54; GCA_020056975.1, s__Deferrimicrobium sp020056975, 95.0, 91.79, 0.517; GCA_021802605.1, s__Deferrimicrobium sp002279275, 95.0, 91.43, 0.454; GCA_023617515.1, s__Deferrimicrobium borealis, 95.0, 91.31, 0.476; GCA_019429245.1, s__Deferrimicrobium sp019429245, 95.0, 90.45, 0.434; GCA_001873935.1, s__Deferrimicrobium sp001873935, 95.0, 90.65, 0.472; GCA_021812885.1, s__Deferrimicrobium sp021812885, 95.0, 90.89, 0.362; GCA_001797445.1, s__Deferrimicrobium sp001797445, 95.0, 88.41, 0.367				
MEGAHIT-MetaBAT2-Sample_ID8-KJ_5_BOTTOM.5.fa																			
MEGAHIT-MetaBAT2-Sample_ID8-KJ_5_BOTTOM.12.fa																			
MEGAHIT-MetaBAT2-Sample_ID8-KJ_5_BOTTOM.2.fa																			
MEGAHIT-MetaBAT2-Sample_ID6-KJ_3_BOTTOM.2.fa																			
MEGAHIT-MetaBAT2-Sample_ID4-KJ_2_BOTTOM.1.fa																			
MEGAHIT-MetaBAT2-Sample_ID4-KJ_2_BOTTOM.2.fa																			
MEGAHIT-DASToolUnbinned-Sample_ID9-KJ_7_TOP.fa																			
MEGAHIT-DASToolUnbinned-Sample_ID10-KJ_7_BOTTOM.fa																			
MEGAHIT-MetaBAT2-Sample_ID8-KJ_5_BOTTOM.6.fa																			
MEGAHIT-MetaBAT2-Sample_ID8-KJ_5_BOTTOM.16.fa																			
MEGAHIT-MetaBAT2-Sample_ID7-KJ_5_TOP.1.fa																			
MEGAHIT-DASToolUnbinned-Sample_ID6-KJ_3_BOTTOM.fa																			
MEGAHIT-CONCOCTRefined-Sample_ID6-KJ_3_BOTTOM.19.fa	d__Bacteria;p__Chloroflexota;c__Anaerolineae;o__Anaerolineales;f__Villigracilaceae;g__UBA877;s__											d__Bacteria;p__Chloroflexota;c__Anaerolineae;o__Anaerolineales;f__Villigracilaceae;g__UBA877;s__	taxonomic classification fully defined by topology	classification based on placement in class-level tree		46.42	11.0	0.96387	
MEGAHIT-CONCOCTRefined-Sample_ID6-KJ_3_BOTTOM.2.fa	d__Bacteria;p__Acidobacteriota;c__Terriglobia;o__Acidoferrales;f__UBA7541;g__Acidoferrum;s__						GCA_003154775.1	95.0	d__Bacteria;p__Acidobacteriota;c__Terriglobia;o__Acidoferrales;f__UBA7541;g__Acidoferrum;s__Acidoferrum sp003154775	89.56	0.501	d__Bacteria;p__Acidobacteriota;c__Terriglobia;o__Acidoferrales;f__UBA7541;g__Acidoferrum;s__	taxonomic classification defined by topology and ANI	classification based on placement in class-level tree	GCA_002478115.1, s__Acidoferrum typicum, 95.0, 89.52, 0.428	93.05	11.0	0.98849	
MEGAHIT-CONCOCTRefined-Sample_ID6-KJ_3_BOTTOM.38.fa	d__Bacteria;p__Desulfobacterota;c__BSN033;o__BSN033;f__UBA1163;g__UBA1163;s__						GCA_002780715.1	95.0	d__Bacteria;p__Desulfobacterota;c__BSN033;o__BSN033;f__UBA1163;g__UBA1163;s__UBA1163 sp002780715	87.06	0.166	d__Bacteria;p__Desulfobacterota;c__BSN033;o__BSN033;f__UBA1163;g__UBA1163;s__	taxonomic classification defined by topology and ANI	classification based on placement in class-level tree		90.15	11.0	0.92276	
MEGAHIT-MetaBAT2Refined-Sample_ID6-KJ_3_BOTTOM.4_sub.fa	d__Bacteria;p__Acidobacteriota;c__Terriglobia;o__UBA7540;f__UBA7540;g__UBA7540;s__						GCA_002478145.1	95.0	d__Bacteria;p__Acidobacteriota;c__Terriglobia;o__UBA7540;f__UBA7540;g__UBA7540;s__UBA7540 sp002478145	95.1	0.625	d__Bacteria;p__Acidobacteriota;c__Terriglobia;o__UBA7540;f__UBA7540;g__UBA7540;s__	taxonomic classification defined by topology and ANI	classification based on placement in class-level tree		92.31	11.0	0.9871	
MEGAHIT-DASToolUnbinned-Sample_ID2-KJ_1_BOTTOM.fa	d__Bacteria;p__Planctomycetota;c__Phycisphaerae;o__Sedimentisphaerales;f__SG8-4;g__Fen-1362;s__											d__Bacteria;p__Planctomycetota;c__Phycisphaerae;o__Sedimentisphaerales;f__SG8-4;g__Fen-1362;s__	taxonomic classification fully defined by topology	classification based on placement in class-level tree		31.5	11.0	0.99181	Genome has more than 10.8% of markers with multiple hits
MEGAHIT-DASToolUnbinned-Sample_ID4-KJ_2_BOTTOM.fa	d__Archaea;p__Thermoproteota;c__Bathyarchaeia;o__Bathyarchaeales;f__UBA233;g__DRUK01;s__											d__Archaea;p__Thermoproteota;c__Bathyarchaeia;o__Bathyarchaeales;f__UBA233;g__;s__	taxonomic novelty determined using RED			13.94	11.0	0.88379	Genome domain questionable ( 11.7% Bacterial, 20.8% Archaeal)
MEGAHIT-DASToolUnbinned-Sample_ID8-KJ_5_BOTTOM.fa	d__Archaea;p__Thermoproteota;c__Methanomethylicia;o__Methanomethylicales;f__Methanomethylicaceae;g__JACTUC01;s__											d__Archaea;p__Thermoproteota;c__Methanomethylicia;o__Methanomethylicales;f__Methanomethylicaceae;g__;s__	taxonomic novelty determined using RED			29.49	11.0	0.95164	Genome has more than 22.6% of markers with multiple hits
MEGAHIT-CONCOCTRefined-Sample_ID4-KJ_2_BOTTOM.12.fa	d__Bacteria;p__Acidobacteriota;c__Terriglobia;o__UBA7540;f__UBA7540;g__UBA7540;s__						GCA_002478145.1	95.0	d__Bacteria;p__Acidobacteriota;c__Terriglobia;o__UBA7540;f__UBA7540;g__UBA7540;s__UBA7540 sp002478145	95.71	0.622	d__Bacteria;p__Acidobacteriota;c__Terriglobia;o__UBA7540;f__UBA7540;g__UBA7540;s__	taxonomic classification defined by topology and ANI	classification based on placement in class-level tree		85.98	11.0	0.98815	
MEGAHIT-MetaBAT2Refined-Sample_ID4-KJ_2_BOTTOM.3_sub.fa	d__Bacteria;p__Desulfobacterota;c__BSN033;o__BSN033;f__UBA1163;g__UBA1163;s__						GCA_002311635.1	95.0	d__Bacteria;p__Desulfobacterota;c__BSN033;o__BSN033;f__UBA1163;g__UBA1163;s__UBA1163 sp002311635			d__Bacteria;p__Desulfobacterota;c__BSN033;o__BSN033;f__UBA1163;g__UBA1163;s__	taxonomic classification defined by topology and ANI	classification based on placement in class-level tree	GCA_002780715.1, s__UBA1163 sp002780715, 95.0, 86.03, 0.165	89.51	11.0	0.91578	
MEGAHIT-DASToolUnbinned-Sample_ID5-KJ_3_TOP.fa	d__Bacteria;p__Acidobacteriota;c__Terriglobia;o__Terriglobales;f__SbA1;g__QIAJ01;s__						GCA_003139995.1	95.0	d__Bacteria;p__Acidobacteriota;c__Terriglobia;o__Terriglobales;f__SbA1;g__QIAJ01;s__QIAJ01 sp003139995			d__Bacteria;p__Acidobacteriota;c__Terriglobia;o__Terriglobales;f__SbA1;g__QIAJ01;s__	taxonomic classification defined by topology and ANI	classification based on placement in class-level tree	GCA_003138955.1, s__QIAJ01 sp003138955, 95.0, 93.14, 0.19	26.0	11.0	0.97677	Genome has more than 62.5% of markers with multiple hits
MEGAHIT-MetaBAT2-Sample_ID2-KJ_1_BOTTOM.1.fa	d__Bacteria;p__Acidobacteriota;c__Terriglobia;o__Acidoferrales;f__UBA7541;g__Acidoferrum;s__						GCA_003154775.1	95.0	d__Bacteria;p__Acidobacteriota;c__Terriglobia;o__Acidoferrales;f__UBA7541;g__Acidoferrum;s__Acidoferrum sp003154775	89.63	0.501	d__Bacteria;p__Acidobacteriota;c__Terriglobia;o__Acidoferrales;f__UBA7541;g__Acidoferrum;s__	taxonomic classification defined by topology and ANI	classification based on placement in class-level tree	GCA_002478115.1, s__Acidoferrum typicum, 95.0, 89.79, 0.421	90.55	11.0	0.98803	
MEGAHIT-MetaBAT2-Sample_ID2-KJ_1_BOTTOM.2.fa	d__Bacteria;p__Desulfobacterota;c__BSN033;o__BSN033;f__UBA1163;g__UBA1163;s__						GCA_002780715.1	95.0	d__Bacteria;p__Desulfobacterota;c__BSN033;o__BSN033;f__UBA1163;g__UBA1163;s__UBA1163 sp002780715	87.16	0.151	d__Bacteria;p__Desulfobacterota;c__BSN033;o__BSN033;f__UBA1163;g__UBA1163;s__	taxonomic classification defined by topology and ANI	classification based on placement in class-level tree		90.45	11.0	0.92328	
MEGAHIT-MetaBAT2-Sample_ID2-KJ_1_BOTTOM.3.fa	d__Bacteria;p__Acidobacteriota;c__Terriglobia;o__UBA7540;f__UBA7540;g__UBA7540;s__						GCA_002478145.1	95.0	d__Bacteria;p__Acidobacteriota;c__Terriglobia;o__UBA7540;f__UBA7540;g__UBA7540;s__UBA7540 sp002478145	95.29	0.626	d__Bacteria;p__Acidobacteriota;c__Terriglobia;o__UBA7540;f__UBA7540;g__UBA7540;s__	taxonomic classification defined by topology and ANI	classification based on placement in class-level tree		89.0	11.0	0.98746	
MEGAHIT-DASToolUnbinned-Sample_ID1-KJ_1_TOP.fa	d__Bacteria;p__SZUA-182;c__SZUA-182;o__;f__;g__;s__											d__Bacteria;p__SZUA-182;c__SZUA-182;o__;f__;g__;s__	taxonomic novelty determined using RED	classification based on placement in class-level tree		21.47	11.0	0.42277	backbone tree has incongruent class classification;Genome has more than 56.7% of markers with multiple hits
MEGAHIT-CONCOCTRefined-Sample_ID8-KJ_5_BOTTOM.0.fa	d__Bacteria;p__Planctomycetota;c__Phycisphaerae;o__Sedimentisphaerales;f__SG8-4;g__Fen-1362;s__						GCA_003170415.1	95.0	d__Bacteria;p__Planctomycetota;c__Phycisphaerae;o__Sedimentisphaerales;f__SG8-4;g__Fen-1362;s__Fen-1362 sp003170415	90.75	0.568	d__Bacteria;p__Planctomycetota;c__Phycisphaerae;o__Sedimentisphaerales;f__SG8-4;g__Fen-1362;s__	taxonomic classification defined by topology and ANI	classification based on placement in class-level tree	GCA_003141275.1, s__Fen-1362 sp003141275, 95.0, 88.09, 0.388; GCA_903857265.1, s__Fen-1362 sp903857265, 95.0, 84.28, 0.229	85.68	11.0	0.99335	
MEGAHIT-CONCOCTRefined-Sample_ID8-KJ_5_BOTTOM.21.fa	d__Bacteria;p__Bacteroidota;c__Bacteroidia;o__Bacteroidales;f__VadinHA17;g__LD21;s__						GCA_003141525.1	95.0	d__Bacteria;p__Bacteroidota;c__Bacteroidia;o__Bacteroidales;f__VadinHA17;g__LD21;s__LD21 sp003141525	92.08	0.344	d__Bacteria;p__Bacteroidota;c__Bacteroidia;o__Bacteroidales;f__VadinHA17;g__LD21;s__	taxonomic classification defined by topology and ANI	classification based on placement in class-level tree	GCA_003141715.1, s__LD21 sp003141715, 95.0, 89.99, 0.165	78.83	11.0	0.98803	
MEGAHIT-CONCOCTRefined-Sample_ID8-KJ_5_BOTTOM.26.fa	d__Bacteria;p__Acidobacteriota;c__Terriglobia;o__Bryobacterales;f__Bryobacteraceae;g__Fen-330;s__						GCA_003137035.1	95.0	d__Bacteria;p__Acidobacteriota;c__Terriglobia;o__Bryobacterales;f__Bryobacteraceae;g__Fen-330;s__Fen-330 sp003137035	90.36	0.201	d__Bacteria;p__Acidobacteriota;c__Terriglobia;o__Bryobacterales;f__Bryobacteraceae;g__Fen-330;s__	taxonomic classification defined by topology and ANI	classification based on placement in class-level tree		54.5	11.0	0.96958	
MEGAHIT-CONCOCTRefined-Sample_ID8-KJ_5_BOTTOM.30.fa	d__Bacteria;p__Acidobacteriota;c__Terriglobia;o__Acidoferrales;f__UBA7541;g__Acidoferrum;s__						GCA_003154775.1	95.0	d__Bacteria;p__Acidobacteriota;c__Terriglobia;o__Acidoferrales;f__UBA7541;g__Acidoferrum;s__Acidoferrum sp003154775	89.81	0.512	d__Bacteria;p__Acidobacteriota;c__Terriglobia;o__Acidoferrales;f__UBA7541;g__Acidoferrum;s__	taxonomic classification defined by topology and ANI	classification based on placement in class-level tree	GCA_002478115.1, s__Acidoferrum typicum, 95.0, 89.34, 0.435	90.45	11.0	0.9886	
MEGAHIT-CONCOCTRefined-Sample_ID8-KJ_5_BOTTOM.31.fa	d__Bacteria;p__Acidobacteriota;c__Terriglobia;o__UBA7540;f__UBA7540;g__Bog-366;s__						GCA_003171295.1	95.0	d__Bacteria;p__Acidobacteriota;c__Terriglobia;o__UBA7540;f__UBA7540;g__Bog-366;s__Bog-366 sp003171295	90.83	0.31	d__Bacteria;p__Acidobacteriota;c__Terriglobia;o__UBA7540;f__UBA7540;g__Bog-366;s__	taxonomic classification defined by topology and ANI	classification based on placement in class-level tree		87.98	11.0	0.96059	
MEGAHIT-CONCOCTRefined-Sample_ID8-KJ_5_BOTTOM.38.fa	d__Bacteria;p__Desulfobacterota;c__BSN033;o__BSN033;f__UBA1163;g__UBA1163;s__						GCA_002780715.1	95.0	d__Bacteria;p__Desulfobacterota;c__BSN033;o__BSN033;f__UBA1163;g__UBA1163;s__UBA1163 sp002780715	85.52	0.172	d__Bacteria;p__Desulfobacterota;c__BSN033;o__BSN033;f__UBA1163;g__UBA1163;s__	taxonomic classification defined by topology and ANI	classification based on placement in class-level tree		88.74	11.0	0.92415	
MEGAHIT-CONCOCTRefined-Sample_ID8-KJ_5_BOTTOM.44.fa	d__Bacteria;p__Chloroflexota;c__Anaerolineae;o__Anaerolineales;f__Villigracilaceae;g__UBA877;s__											d__Bacteria;p__Chloroflexota;c__Anaerolineae;o__Anaerolineales;f__Villigracilaceae;g__UBA877;s__	taxonomic classification fully defined by topology	classification based on placement in class-level tree		80.5	11.0	0.96171	
MEGAHIT-CONCOCTRefined-Sample_ID8-KJ_5_BOTTOM.7.fa	d__Bacteria;p__Acidobacteriota;c__Terriglobia;o__UBA7540;f__UBA7540;g__UBA7540;s__						GCA_002478145.1	95.0	d__Bacteria;p__Acidobacteriota;c__Terriglobia;o__UBA7540;f__UBA7540;g__UBA7540;s__UBA7540 sp002478145	94.64	0.616	d__Bacteria;p__Acidobacteriota;c__Terriglobia;o__UBA7540;f__UBA7540;g__UBA7540;s__	taxonomic classification defined by topology and ANI	classification based on placement in class-level tree		94.8	11.0	0.9874	
MEGAHIT-MetaBAT2Refined-Sample_ID8-KJ_5_BOTTOM.20.fa	d__Bacteria;p__Verrucomicrobiota;c__Verrucomicrobiae;o__Opitutales;f__Opitutaceae;g__Fen-1467;s__Fen-1467 sp903940425	GCA_903940425.1	95.0	d__Bacteria;p__Verrucomicrobiota;c__Verrucomicrobiae;o__Opitutales;f__Opitutaceae;g__Fen-1467;s__Fen-1467 sp903940425	97.46	0.693							ani_screen	classification based on ANI only	GCA_003142615.1, s__Fen-1467 sp003142615, 95.0, 96.79, 0.653				
MEGAHIT-MetaBAT2Refined-Sample_ID8-KJ_5_BOTTOM.9.fa	d__Bacteria;p__Acidobacteriota;c__Thermoanaerobaculia;o__Thermoanaerobaculales;f__Thermoanaerobaculaceae;g__;s__											d__Bacteria;p__Acidobacteriota;c__Thermoanaerobaculia;o__Thermoanaerobaculales;f__Thermoanaerobaculaceae;g__;s__	taxonomic novelty determined using RED	classification based on placement in class-level tree		71.76	11.0	0.84913	
MEGAHIT-CONCOCTRefined-Sample_ID2-KJ_1_BOTTOM.27.fa	d__Bacteria;p__Desulfobacterota;c__BSN033;o__BSN033;f__UBA1163;g__UBA1163;s__											d__Bacteria;p__Desulfobacterota;c__BSN033;o__BSN033;f__UBA1163;g__UBA1163;s__	taxonomic classification fully defined by topology	classification based on placement in class-level tree		87.11	11.0	0.92385	
MEGAHIT-CONCOCTRefined-Sample_ID2-KJ_1_BOTTOM.7_sub.fa	d__Bacteria;p__Acidobacteriota;c__Terriglobia;o__Acidoferrales;f__UBA7541;g__Acidoferrum;s__						GCA_003154775.1	95.0	d__Bacteria;p__Acidobacteriota;c__Terriglobia;o__Acidoferrales;f__UBA7541;g__Acidoferrum;s__Acidoferrum sp003154775	89.57	0.495	d__Bacteria;p__Acidobacteriota;c__Terriglobia;o__Acidoferrales;f__UBA7541;g__Acidoferrum;s__	taxonomic classification defined by topology and ANI	classification based on placement in class-level tree	GCA_002478115.1, s__Acidoferrum typicum, 95.0, 89.83, 0.421	89.45	11.0	0.98787	
MEGAHIT-MetaBAT2Refined-Sample_ID2-KJ_1_BOTTOM.3.fa	d__Bacteria;p__Acidobacteriota;c__Terriglobia;o__UBA7540;f__UBA7540;g__UBA7540;s__						GCA_002478145.1	95.0	d__Bacteria;p__Acidobacteriota;c__Terriglobia;o__UBA7540;f__UBA7540;g__UBA7540;s__UBA7540 sp002478145	95.29	0.626	d__Bacteria;p__Acidobacteriota;c__Terriglobia;o__UBA7540;f__UBA7540;g__UBA7540;s__	taxonomic classification defined by topology and ANI	classification based on placement in class-level tree		89.0	11.0	0.98746	
MEGAHIT-MetaBAT2-Sample_ID8-KJ_5_BOTTOM.14.fa	d__Archaea;p__Thermoproteota;c__Bathyarchaeia;o__Bathyarchaeales;f__UBA233;g__DRUK01;s__											d__Archaea;p__Thermoproteota;c__Bathyarchaeia;o__Bathyarchaeales;f__UBA233;g__;s__	taxonomic novelty determined using RED			75.12	11.0	0.86132	
MEGAHIT-MetaBAT2-Sample_ID8-KJ_5_BOTTOM.17.fa	d__Archaea;p__Thermoproteota;c__Bathyarchaeia;o__Bathyarchaeales;f__UBA233;g__DRUK01;s__											d__Archaea;p__Thermoproteota;c__Bathyarchaeia;o__Bathyarchaeales;f__UBA233;g__;s__	taxonomic novelty determined using RED			95.6	11.0	0.86307	
MEGAHIT-MetaBAT2-Sample_ID8-KJ_5_BOTTOM.7.fa	d__Archaea;p__Thermoproteota;c__Nitrososphaeria;o__Conexivisphaerales;f__DTJL01;g__;s__											d__Archaea;p__Thermoproteota;c__Nitrososphaeria;o__Conexivisphaerales;f__;g__;s__	taxonomic novelty determined using RED			26.3	11.0	0.68878	
MEGAHIT-MetaBAT2-Sample_ID4-KJ_2_BOTTOM.3.fa	d__Bacteria;p__Desulfobacterota;c__BSN033;o__BSN033;f__UBA1163;g__UBA1163;s__						GCA_002311635.1	95.0	d__Bacteria;p__Desulfobacterota;c__BSN033;o__BSN033;f__UBA1163;g__UBA1163;s__UBA1163 sp002311635			d__Bacteria;p__Desulfobacterota;c__BSN033;o__BSN033;f__UBA1163;g__UBA1163;s__	taxonomic classification defined by topology and ANI	classification based on placement in class-level tree	GCA_002780715.1, s__UBA1163 sp002780715, 95.0, 86.03, 0.165	89.51	11.0	0.91578	
MEGAHIT-MetaBAT2-Sample_ID4-KJ_2_BOTTOM.4.fa	d__Bacteria;p__Acidobacteriota;c__Terriglobia;o__UBA7540;f__UBA7540;g__UBA7540;s__						GCA_002478145.1	95.0	d__Bacteria;p__Acidobacteriota;c__Terriglobia;o__UBA7540;f__UBA7540;g__UBA7540;s__UBA7540 sp002478145	95.73	0.62	d__Bacteria;p__Acidobacteriota;c__Terriglobia;o__UBA7540;f__UBA7540;g__UBA7540;s__	taxonomic classification defined by topology and ANI	classification based on placement in class-level tree		89.41	11.0	0.98702	
MEGAHIT-CONCOCTRefined-Sample_ID8-KJ_5_BOTTOM.35.fa	d__Archaea;p__Thermoproteota;c__Nitrososphaeria;o__Conexivisphaerales;f__DTJL01;g__;s__											d__Archaea;p__Thermoproteota;c__Nitrososphaeria;o__Conexivisphaerales;f__;g__;s__	taxonomic novelty determined using RED			51.05	11.0	0.69046	
MEGAHIT-CONCOCTRefined-Sample_ID8-KJ_5_BOTTOM.8_sub.fa	d__Archaea;p__Thermoproteota;c__Bathyarchaeia;o__Bathyarchaeales;f__UBA233;g__DRUK01;s__											d__Archaea;p__Thermoproteota;c__Bathyarchaeia;o__Bathyarchaeales;f__UBA233;g__;s__	taxonomic novelty determined using RED			79.53	11.0	0.86031	
MEGAHIT-MetaBAT2Refined-Sample_ID8-KJ_5_BOTTOM.17.fa	d__Archaea;p__Thermoproteota;c__Bathyarchaeia;o__Bathyarchaeales;f__UBA233;g__DRUK01;s__											d__Archaea;p__Thermoproteota;c__Bathyarchaeia;o__Bathyarchaeales;f__UBA233;g__;s__	taxonomic novelty determined using RED			95.6	11.0	0.86307	
MEGAHIT-MetaBAT2-Sample_ID6-KJ_3_BOTTOM.1.fa	d__Bacteria;p__Chloroflexota;c__Anaerolineae;o__Anaerolineales;f__Villigracilaceae;g__UBA877;s__											d__Bacteria;p__Chloroflexota;c__Anaerolineae;o__Anaerolineales;f__Villigracilaceae;g__UBA877;s__	taxonomic classification fully defined by topology	classification based on placement in class-level tree		33.19	11.0	0.9647	
MEGAHIT-MetaBAT2-Sample_ID6-KJ_3_BOTTOM.3.fa	d__Bacteria;p__Acidobacteriota;c__Terriglobia;o__Acidoferrales;f__UBA7541;g__Acidoferrum;s__						GCA_003154775.1	95.0	d__Bacteria;p__Acidobacteriota;c__Terriglobia;o__Acidoferrales;f__UBA7541;g__Acidoferrum;s__Acidoferrum sp003154775	89.57	0.477	d__Bacteria;p__Acidobacteriota;c__Terriglobia;o__Acidoferrales;f__UBA7541;g__Acidoferrum;s__	taxonomic classification defined by topology and ANI	classification based on placement in class-level tree	GCA_002478115.1, s__Acidoferrum typicum, 95.0, 89.61, 0.421	91.52	11.0	0.98842	
MEGAHIT-MetaBAT2-Sample_ID6-KJ_3_BOTTOM.4.fa	d__Bacteria;p__Acidobacteriota;c__Terriglobia;o__UBA7540;f__UBA7540;g__UBA7540;s__						GCA_002478145.1	95.0	d__Bacteria;p__Acidobacteriota;c__Terriglobia;o__UBA7540;f__UBA7540;g__UBA7540;s__UBA7540 sp002478145	95.1	0.622	d__Bacteria;p__Acidobacteriota;c__Terriglobia;o__UBA7540;f__UBA7540;g__UBA7540;s__	taxonomic classification defined by topology and ANI	classification based on placement in class-level tree		92.31	11.0	0.9871	
MEGAHIT-MetaBAT2-Sample_ID6-KJ_3_BOTTOM.5.fa	d__Bacteria;p__Desulfobacterota;c__BSN033;o__BSN033;f__UBA1163;g__UBA1163;s__						GCA_002780715.1	95.0	d__Bacteria;p__Desulfobacterota;c__BSN033;o__BSN033;f__UBA1163;g__UBA1163;s__UBA1163 sp002780715	87.17	0.17	d__Bacteria;p__Desulfobacterota;c__BSN033;o__BSN033;f__UBA1163;g__UBA1163;s__	taxonomic classification defined by topology and ANI	classification based on placement in class-level tree		90.15	11.0	0.92276	
MEGAHIT-MetaBAT2-Sample_ID8-KJ_5_BOTTOM.1.fa	d__Bacteria;p__Acidobacteriota;c__Terriglobia;o__Acidoferrales;f__UBA7541;g__Acidoferrum;s__						GCA_003154775.1	95.0	d__Bacteria;p__Acidobacteriota;c__Terriglobia;o__Acidoferrales;f__UBA7541;g__Acidoferrum;s__Acidoferrum sp003154775	89.47	0.508	d__Bacteria;p__Acidobacteriota;c__Terriglobia;o__Acidoferrales;f__UBA7541;g__Acidoferrum;s__	taxonomic classification defined by topology and ANI	classification based on placement in class-level tree	GCA_002478115.1, s__Acidoferrum typicum, 95.0, 89.39, 0.433	90.45	11.0	0.9886	
MEGAHIT-MetaBAT2-Sample_ID8-KJ_5_BOTTOM.10.fa	d__Bacteria;p__Bacteroidota;c__Bacteroidia;o__Bacteroidales;f__VadinHA17;g__LD21;s__						GCA_003141525.1	95.0	d__Bacteria;p__Bacteroidota;c__Bacteroidia;o__Bacteroidales;f__VadinHA17;g__LD21;s__LD21 sp003141525	91.91	0.372	d__Bacteria;p__Bacteroidota;c__Bacteroidia;o__Bacteroidales;f__VadinHA17;g__LD21;s__	taxonomic classification defined by topology and ANI	classification based on placement in class-level tree	GCA_003141715.1, s__LD21 sp003141715, 95.0, 89.97, 0.163	69.28	11.0	0.98765	
MEGAHIT-MetaBAT2-Sample_ID8-KJ_5_BOTTOM.11.fa	d__Bacteria;p__Desulfobacterota;c__BSN033;o__BSN033;f__UBA1163;g__UBA1163;s__						GCA_002780715.1	95.0	d__Bacteria;p__Desulfobacterota;c__BSN033;o__BSN033;f__UBA1163;g__UBA1163;s__UBA1163 sp002780715	86.78	0.164	d__Bacteria;p__Desulfobacterota;c__BSN033;o__BSN033;f__UBA1163;g__UBA1163;s__	taxonomic classification defined by topology and ANI	classification based on placement in class-level tree		86.3	11.0	0.92609	
MEGAHIT-MetaBAT2-Sample_ID8-KJ_5_BOTTOM.13.fa	d__Bacteria;p__Acidobacteriota;c__Terriglobia;o__Bryobacterales;f__Bryobacteraceae;g__Fen-330;s__											d__Bacteria;p__Acidobacteriota;c__Terriglobia;o__Bryobacterales;f__Bryobacteraceae;g__Fen-330;s__	taxonomic classification fully defined by topology	classification based on placement in class-level tree		22.28	11.0	0.95416	
MEGAHIT-MetaBAT2-Sample_ID8-KJ_5_BOTTOM.15.fa	d__Bacteria;p__Acidobacteriota;c__Terriglobia;o__Bryobacterales;f__Bryobacteraceae;g__Fen-330;s__						GCA_003137035.1	95.0	d__Bacteria;p__Acidobacteriota;c__Terriglobia;o__Bryobacterales;f__Bryobacteraceae;g__Fen-330;s__Fen-330 sp003137035	90.34	0.185	d__Bacteria;p__Acidobacteriota;c__Terriglobia;o__Bryobacterales;f__Bryobacteraceae;g__Fen-330;s__	taxonomic classification defined by topology and ANI	classification based on placement in class-level tree		55.37	11.0	0.972	
MEGAHIT-MetaBAT2-Sample_ID8-KJ_5_BOTTOM.18.fa	d__Bacteria;p__Acidobacteriota;c__Aminicenantia;o__Aminicenantales;f__UBA4085;g__JALHTW01;s__											d__Bacteria;p__Acidobacteriota;c__Aminicenantia;o__Aminicenantales;f__UBA4085;g__JALHTW01;s__	taxonomic classification fully defined by topology	classification based on placement in class-level tree		15.79	11.0	0.884	
MEGAHIT-MetaBAT2-Sample_ID8-KJ_5_BOTTOM.19.fa	d__Bacteria;p__Acidobacteriota;c__Terriglobia;o__UBA7540;f__UBA7540;g__Bog-366;s__						GCA_003171295.1	95.0	d__Bacteria;p__Acidobacteriota;c__Terriglobia;o__UBA7540;f__UBA7540;g__Bog-366;s__Bog-366 sp003171295	90.85	0.345	d__Bacteria;p__Acidobacteriota;c__Terriglobia;o__UBA7540;f__UBA7540;g__Bog-366;s__	taxonomic classification defined by topology and ANI	classification based on placement in class-level tree		89.24	11.0	0.96019	
MEGAHIT-MetaBAT2-Sample_ID8-KJ_5_BOTTOM.20.fa	d__Bacteria;p__Verrucomicrobiota;c__Verrucomicrobiae;o__Opitutales;f__Opitutaceae;g__Fen-1467;s__Fen-1467 sp903940425	GCA_903940425.1	95.0	d__Bacteria;p__Verrucomicrobiota;c__Verrucomicrobiae;o__Opitutales;f__Opitutaceae;g__Fen-1467;s__Fen-1467 sp903940425	97.46	0.693							ani_screen	classification based on ANI only	GCA_003142615.1, s__Fen-1467 sp003142615, 95.0, 96.79, 0.653				
MEGAHIT-MetaBAT2-Sample_ID8-KJ_5_BOTTOM.3.fa	d__Bacteria;p__Chloroflexota;c__Anaerolineae;o__Anaerolineales;f__Villigracilaceae;g__UBA877;s__											d__Bacteria;p__Chloroflexota;c__Anaerolineae;o__Anaerolineales;f__Villigracilaceae;g__UBA877;s__	taxonomic classification fully defined by topology	classification based on placement in class-level tree		79.46	11.0	0.96182	
MEGAHIT-MetaBAT2-Sample_ID8-KJ_5_BOTTOM.4.fa	d__Bacteria;p__Planctomycetota;c__Phycisphaerae;o__Sedimentisphaerales;f__SG8-4;g__Fen-1362;s__						GCA_003170415.1	95.0	d__Bacteria;p__Planctomycetota;c__Phycisphaerae;o__Sedimentisphaerales;f__SG8-4;g__Fen-1362;s__Fen-1362 sp003170415	90.9	0.57	d__Bacteria;p__Planctomycetota;c__Phycisphaerae;o__Sedimentisphaerales;f__SG8-4;g__Fen-1362;s__	taxonomic classification defined by topology and ANI	classification based on placement in class-level tree	GCA_003141275.1, s__Fen-1362 sp003141275, 95.0, 88.09, 0.404; GCA_903857265.1, s__Fen-1362 sp903857265, 95.0, 84.26, 0.229	85.66	11.0	0.99335	
MEGAHIT-MetaBAT2-Sample_ID8-KJ_5_BOTTOM.8.fa	d__Bacteria;p__Acidobacteriota;c__Terriglobia;o__UBA7540;f__UBA7540;g__UBA7540;s__						GCA_002478145.1	95.0	d__Bacteria;p__Acidobacteriota;c__Terriglobia;o__UBA7540;f__UBA7540;g__UBA7540;s__UBA7540 sp002478145	94.64	0.618	d__Bacteria;p__Acidobacteriota;c__Terriglobia;o__UBA7540;f__UBA7540;g__UBA7540;s__	taxonomic classification defined by topology and ANI	classification based on placement in class-level tree		93.15	11.0	0.98736	
MEGAHIT-MetaBAT2-Sample_ID8-KJ_5_BOTTOM.9.fa	d__Bacteria;p__Acidobacteriota;c__Thermoanaerobaculia;o__Thermoanaerobaculales;f__Thermoanaerobaculaceae;g__;s__											d__Bacteria;p__Acidobacteriota;c__Thermoanaerobaculia;o__Thermoanaerobaculales;f__Thermoanaerobaculaceae;g__;s__	taxonomic novelty determined using RED	classification based on placement in class-level tree		71.76	11.0	0.84913	
MEGAHIT-MaxBin2-Sample_ID22-SF_8_BOTTOM.007.fa																			
MEGAHIT-MetaBAT2-Sample_ID36-SF_15_BOTTOM.2.fa																			
MEGAHIT-DASToolUnbinned-Sample_ID24-SF_9_BOTTOM.fa																			
MEGAHIT-MetaBAT2-Sample_ID22-SF_8_BOTTOM.1.fa																			
MEGAHIT-DASToolUnbinned-Sample_ID18-SF_5_BOTTOM.fa																			
MEGAHIT-MaxBin2-Sample_ID34-SF_14_BOTTOM.001.fa																			
MEGAHIT-MetaBAT2-Sample_ID26-SF_10_BOTTOM.4.fa																			
MEGAHIT-DASToolUnbinned-Sample_ID34-SF_14_BOTTOM.fa																			
MEGAHIT-DASToolUnbinned-Sample_ID30-SF_12_BOTTOM.fa																			
MEGAHIT-MaxBin2-Sample_ID32-SF_13_BOTTOM.001.fa																			
MEGAHIT-MetaBAT2-Sample_ID26-SF_10_BOTTOM.2.fa																			
MEGAHIT-MetaBAT2-Sample_ID32-SF_13_BOTTOM.10.fa																			
MEGAHIT-MetaBAT2-Sample_ID26-SF_10_BOTTOM.8.fa																			
MEGAHIT-DASToolUnbinned-Sample_ID28-SF_11_BOTTOM.fa																			
MEGAHIT-MetaBAT2-Sample_ID32-SF_13_BOTTOM.6.fa																			
MEGAHIT-MetaBAT2-Sample_ID32-SF_13_BOTTOM.3.fa																			
MEGAHIT-DASToolUnbinned-Sample_ID20-SF_6_BOTTOM.fa																			
MEGAHIT-MetaBAT2-Sample_ID26-SF_10_BOTTOM.10.fa																			
MEGAHIT-MetaBAT2-Sample_ID32-SF_13_BOTTOM.9.fa																			
MEGAHIT-DASToolUnbinned-Sample_ID14-SF_3_BOTTOM.fa																			
MEGAHIT-MetaBAT2-Sample_ID26-SF_10_BOTTOM.5.fa																			
MEGAHIT-MetaBAT2-Sample_ID36-SF_15_BOTTOM.1.fa																			
MEGAHIT-MetaBAT2-Sample_ID36-SF_15_BOTTOM.4.fa																			
MEGAHIT-MetaBAT2-Sample_ID32-SF_13_BOTTOM.1.fa																			
MEGAHIT-MaxBin2-Sample_ID34-SF_14_BOTTOM.007.fa	d__Archaea;p__Halobacteriota;c__Bog-38;o__Bog-38;f__Bog-38;g__Bog-38;s__						GCA_003170935.1	95.0	d__Archaea;p__Halobacteriota;c__Bog-38;o__Bog-38;f__Bog-38;g__Bog-38;s__Bog-38 sp003170935	98.47	0.509	d__Archaea;p__Halobacteriota;c__Bog-38;o__Bog-38;f__Bog-38;g__Bog-38;s__	taxonomic classification defined by topology and ANI			47.8	11.0	0.99799	
MEGAHIT-MaxBin2-Sample_ID34-SF_14_BOTTOM.010.fa	d__Archaea;p__Halobacteriota;c__Bog-38;o__Bog-38;f__Bog-38;g__Bog-38;s__						GCA_003170935.1	95.0	d__Archaea;p__Halobacteriota;c__Bog-38;o__Bog-38;f__Bog-38;g__Bog-38;s__Bog-38 sp003170935	89.72	0.365	d__Archaea;p__Halobacteriota;c__Bog-38;o__Bog-38;f__Bog-38;g__Bog-38;s__	taxonomic classification defined by topology and ANI		GCA_015660915.1, s__Bog-38 sp015660915, 95.0, 87.15, 0.178	74.6	11.0	0.97009	Genome has more than 13.2% of markers with multiple hits
MEGAHIT-MetaBAT2-Sample_ID22-SF_8_BOTTOM.3.fa	d__Archaea;p__Halobacteriota;c__Bog-38;o__Bog-38;f__Bog-38;g__Bog-38;s__						GCA_003170935.1	95.0	d__Archaea;p__Halobacteriota;c__Bog-38;o__Bog-38;f__Bog-38;g__Bog-38;s__Bog-38 sp003170935	89.51	0.372	d__Archaea;p__Halobacteriota;c__Bog-38;o__Bog-38;f__Bog-38;g__Bog-38;s__	taxonomic classification defined by topology and ANI		GCA_015660915.1, s__Bog-38 sp015660915, 95.0, 85.79, 0.184	93.06	11.0	0.97079	
MEGAHIT-MetaBAT2-Sample_ID22-SF_8_BOTTOM.7.fa	d__Archaea;p__Halobacteriota;c__Bog-38;o__Bog-38;f__Bog-38;g__Bog-38;s__Bog-38 sp003162175	GCA_003162175.1	95.0	d__Archaea;p__Halobacteriota;c__Bog-38;o__Bog-38;f__Bog-38;g__Bog-38;s__Bog-38 sp003162175	95.74	0.803							ani_screen	classification based on ANI only	GCA_015661395.1, s__Bog-38 sp015661395, 95.0, 92.63, 0.703; GCA_003139855.1, s__Bog-38 sp003139855, 95.0, 89.7, 0.588; GCA_003158275.1, s__Bog-38 sp003158275, 96.79, 89.59, 0.38				
MEGAHIT-MetaBAT2-Sample_ID22-SF_8_BOTTOM.9.fa	d__Archaea;p__Halobacteriota;c__Bog-38;o__Bog-38;f__Bog-38;g__Bog-38;s__Bog-38 sp003170935	GCA_003170935.1	95.0	d__Archaea;p__Halobacteriota;c__Bog-38;o__Bog-38;f__Bog-38;g__Bog-38;s__Bog-38 sp003170935	98.88	0.808							ani_screen	classification based on ANI only					
MEGAHIT-DASToolUnbinned-Sample_ID26-SF_10_BOTTOM.fa	d__Bacteria;p__Nitrospirota;c__Thermodesulfovibrionia;o__Thermodesulfovibrionales;f__Dissulfurispiraceae;g__Fen-1308;s__						GCA_003170655.1	95.0	d__Bacteria;p__Nitrospirota;c__Thermodesulfovibrionia;o__Thermodesulfovibrionales;f__Dissulfurispiraceae;g__Fen-1308;s__Fen-1308 sp003170655	97.52	0.346	d__Bacteria;p__Nitrospirota;c__Thermodesulfovibrionia;o__Thermodesulfovibrionales;f__Dissulfurispiraceae;g__Fen-1308;s__	taxonomic classification defined by topology and ANI	classification based on placement in class-level tree		30.84	11.0	0.97044	Genome has more than 30.8% of markers with multiple hits
MEGAHIT-CONCOCTRefined-Sample_ID34-SF_14_BOTTOM.22_sub.fa	d__Archaea;p__Halobacteriota;c__Bog-38;o__Bog-38;f__Bog-38;g__Bog-38;s__						GCA_003170935.1	95.0	d__Archaea;p__Halobacteriota;c__Bog-38;o__Bog-38;f__Bog-38;g__Bog-38;s__Bog-38 sp003170935	98.33	0.59	d__Archaea;p__Halobacteriota;c__Bog-38;o__Bog-38;f__Bog-38;g__Bog-38;s__	taxonomic classification defined by topology and ANI			48.82	11.0	0.99794	
MEGAHIT-MaxBin2Refined-Sample_ID34-SF_14_BOTTOM.010.fa	d__Archaea;p__Halobacteriota;c__Bog-38;o__Bog-38;f__Bog-38;g__Bog-38;s__						GCA_003170935.1	95.0	d__Archaea;p__Halobacteriota;c__Bog-38;o__Bog-38;f__Bog-38;g__Bog-38;s__Bog-38 sp003170935	89.72	0.365	d__Archaea;p__Halobacteriota;c__Bog-38;o__Bog-38;f__Bog-38;g__Bog-38;s__	taxonomic classification defined by topology and ANI		GCA_015660915.1, s__Bog-38 sp015660915, 95.0, 87.15, 0.178	74.6	11.0	0.97009	Genome has more than 13.2% of markers with multiple hits
MEGAHIT-MaxBin2-Sample_ID34-SF_14_BOTTOM.002.fa	d__Bacteria;p__;c__;o__;f__;g__;s__											d__Bacteria;p__Chloroflexota;c__;o__;f__;g__;s__	taxonomic novelty determined using RED	classification based on consensus between backbone and class-level tree		31.56	11.0	0.33473	Genome has more than 20.0% of markers with multiple hits
MEGAHIT-MaxBin2-Sample_ID34-SF_14_BOTTOM.003.fa	d__Bacteria;p__Chloroflexota;c__Limnocylindria;o__;f__;g__;s__											d__Bacteria;p__Chloroflexota;c__Limnocylindria;o__;f__;g__;s__	taxonomic classification fully defined by topology	classification based on placement in class-level tree		29.61	11.0	0.47062	Genome has more than 36.7% of markers with multiple hits
MEGAHIT-MaxBin2-Sample_ID34-SF_14_BOTTOM.004.fa	d__Bacteria;p__Caldisericota;c__Caldisericia;o__Cryosericales;f__Cryosericaceae;g__Cryosericum;s__											d__Bacteria;p__Caldisericota;c__Caldisericia;o__Cryosericales;f__Cryosericaceae;g__Cryosericum;s__	taxonomic classification defined by topology and ANI	classification based on placement in class-level tree	GCF_003570985.1, s__Cryosericum hinesii, 95.0, 91.45, 0.231; GCF_003570935.1, s__Cryosericum odellii, 95.0, 91.45, 0.158; GCF_003570925.1, s__Cryosericum terrychapinii, 95.0, 89.52, 0.165	37.4	11.0	0.99178	Genome has more than 41.7% of markers with multiple hits
MEGAHIT-MaxBin2-Sample_ID34-SF_14_BOTTOM.005.fa	d__Bacteria;p__Acidobacteriota;c__Thermoanaerobaculia;o__Thermoanaerobaculales;f__Thermoanaerobaculaceae;g__RBG-13-68-16;s__RBG-13-68-16 sp003133645	GCA_003133645.1	95.0	d__Bacteria;p__Acidobacteriota;c__Thermoanaerobaculia;o__Thermoanaerobaculales;f__Thermoanaerobaculaceae;g__RBG-13-68-16;s__RBG-13-68-16 sp003133645	98.81	0.798							ani_screen	classification based on ANI only	GCA_004298115.1, s__RBG-13-68-16 sp004298115, 95.0, 90.59, 0.273; GCA_002279285.1, s__RBG-13-68-16 sp002279285, 95.0, 93.98, 0.436				
MEGAHIT-MaxBin2-Sample_ID34-SF_14_BOTTOM.006.fa	d__Bacteria;p__Bacteroidota;c__Bacteroidia;o__Bacteroidales;f__VadinHA17;g__LD21;s__						GCA_003142255.1	95.0	d__Bacteria;p__Bacteroidota;c__Bacteroidia;o__Bacteroidales;f__VadinHA17;g__LD21;s__LD21 sp003142255	99.89	0.503	d__Bacteria;p__Bacteroidota;c__Bacteroidia;o__Bacteroidales;f__VadinHA17;g__LD21;s__	taxonomic classification defined by topology and ANI	classification based on placement in class-level tree		43.63	11.0	0.99281	Genome has more than 43.3% of markers with multiple hits
MEGAHIT-MaxBin2-Sample_ID34-SF_14_BOTTOM.008.fa	d__Bacteria;p__Bacteroidota;c__Bacteroidia;o__Bacteroidales;f__VadinHA17;g__LD21;s__LD21 sp003141415	GCA_003141415.1	95.0	d__Bacteria;p__Bacteroidota;c__Bacteroidia;o__Bacteroidales;f__VadinHA17;g__LD21;s__LD21 sp003141415	99.64	0.829							ani_screen	classification based on ANI only	GCA_003141715.1, s__LD21 sp003141715, 95.0, 84.01, 0.198; GCA_017882305.1, s__LD21 sp017882305, 95.0, 83.39, 0.209				
MEGAHIT-MaxBin2-Sample_ID34-SF_14_BOTTOM.009.fa	d__Bacteria;p__Bacteroidota;c__Bacteroidia;o__Bacteroidales;f__VadinHA17;g__LD21;s__LD21 sp003141495	GCA_003141495.1	95.0	d__Bacteria;p__Bacteroidota;c__Bacteroidia;o__Bacteroidales;f__VadinHA17;g__LD21;s__LD21 sp003141495	99.58	0.94							ani_screen	classification based on ANI only	GCA_003162595.1, s__LD21 sp003162595, 95.0, 89.44, 0.4; GCA_003141415.1, s__LD21 sp003141415, 95.0, 89.68, 0.235; GCA_003141715.1, s__LD21 sp003141715, 95.0, 83.65, 0.165				
MEGAHIT-MetaBAT2-Sample_ID36-SF_15_BOTTOM.3.fa	d__Archaea;p__Halobacteriota;c__Bog-38;o__Bog-38;f__Bog-38;g__Bog-38;s__Bog-38 sp003162175	GCA_003162175.1	95.0	d__Archaea;p__Halobacteriota;c__Bog-38;o__Bog-38;f__Bog-38;g__Bog-38;s__Bog-38 sp003162175	97.83	0.869							ani_screen	classification based on ANI only	GCA_003158275.1, s__Bog-38 sp003158275, 96.79, 91.57, 0.335; GCA_015661395.1, s__Bog-38 sp015661395, 95.0, 93.81, 0.683; GCA_003139855.1, s__Bog-38 sp003139855, 95.0, 91.67, 0.521				
MEGAHIT-MetaBAT2-Sample_ID26-SF_10_BOTTOM.11.fa	d__Bacteria;p__Acidobacteriota;c__Thermoanaerobaculia;o__Thermoanaerobaculales;f__Thermoanaerobaculaceae;g__RBG-13-68-16;s__RBG-13-68-16 sp003133645	GCA_003133645.1	95.0	d__Bacteria;p__Acidobacteriota;c__Thermoanaerobaculia;o__Thermoanaerobaculales;f__Thermoanaerobaculaceae;g__RBG-13-68-16;s__RBG-13-68-16 sp003133645	97.95	0.812							ani_screen	classification based on ANI only	GCA_004298115.1, s__RBG-13-68-16 sp004298115, 95.0, 87.55, 0.422; GCA_021818005.1, s__RBG-13-68-16 sp021818005, 95.0, 84.76, 0.183; GCA_002279285.1, s__RBG-13-68-16 sp002279285, 95.0, 92.47, 0.658; GCA_027458945.1, s__RBG-13-68-16 sp027458945, 95.0, 87.05, 0.212				
MEGAHIT-MetaBAT2-Sample_ID26-SF_10_BOTTOM.12.fa	d__Bacteria;p__Bacteroidota;c__Bacteroidia;o__Bacteroidales;f__VadinHA17;g__LD21;s__LD21 sp003141495	GCA_003141495.1	95.0	d__Bacteria;p__Bacteroidota;c__Bacteroidia;o__Bacteroidales;f__VadinHA17;g__LD21;s__LD21 sp003141495	99.39	0.881							ani_screen	classification based on ANI only	GCA_003162595.1, s__LD21 sp003162595, 95.0, 89.53, 0.399; GCA_003141715.1, s__LD21 sp003141715, 95.0, 84.03, 0.169				
MEGAHIT-MetaBAT2-Sample_ID26-SF_10_BOTTOM.13.fa	d__Bacteria;p__Bacteroidota;c__Bacteroidia;o__Bacteroidales;f__VadinHA17;g__LD21;s__LD21 sp003141415	GCA_003141415.1	95.0	d__Bacteria;p__Bacteroidota;c__Bacteroidia;o__Bacteroidales;f__VadinHA17;g__LD21;s__LD21 sp003141415	99.31	0.86							ani_screen	classification based on ANI only	GCA_017882305.1, s__LD21 sp017882305, 95.0, 83.61, 0.226; GCA_003141715.1, s__LD21 sp003141715, 95.0, 84.06, 0.201; GCA_003141525.1, s__LD21 sp003141525, 95.0, 82.72, 0.156				
MEGAHIT-MetaBAT2-Sample_ID26-SF_10_BOTTOM.15.fa	d__Bacteria;p__Bacteroidota;c__Ignavibacteria;o__Ignavibacteriales;f__Ignavibacteriaceae;g__Fen-1301;s__						GCA_003141435.1	95.0	d__Bacteria;p__Bacteroidota;c__Ignavibacteria;o__Ignavibacteriales;f__Ignavibacteriaceae;g__Fen-1301;s__Fen-1301 sp003141435	84.15	0.188	d__Bacteria;p__Bacteroidota;c__Ignavibacteria;o__Ignavibacteriales;f__Ignavibacteriaceae;g__Fen-1301;s__	taxonomic classification defined by topology and ANI	classification based on placement in class-level tree		84.61	11.0	0.9621	
MEGAHIT-MetaBAT2-Sample_ID26-SF_10_BOTTOM.3.fa	d__Bacteria;p__Nitrospirota;c__Thermodesulfovibrionia;o__Thermodesulfovibrionales;f__Dissulfurispiraceae;g__Fen-1308;s__						GCA_003170655.1	95.0	d__Bacteria;p__Nitrospirota;c__Thermodesulfovibrionia;o__Thermodesulfovibrionales;f__Dissulfurispiraceae;g__Fen-1308;s__Fen-1308 sp003170655	97.4	0.513	d__Bacteria;p__Nitrospirota;c__Thermodesulfovibrionia;o__Thermodesulfovibrionales;f__Dissulfurispiraceae;g__Fen-1308;s__	taxonomic classification defined by topology and ANI	classification based on placement in class-level tree		21.43	11.0	0.99999	
MEGAHIT-MetaBAT2-Sample_ID26-SF_10_BOTTOM.6.fa	d__Bacteria;p__Bacillota_B;c__DSM-12270;o__Thermacetogeniales;f__Thermacetogeniaceae;g__Palsa-1188;s__						GCA_003132605.1	95.0	d__Bacteria;p__Bacillota_B;c__DSM-12270;o__Thermacetogeniales;f__Thermacetogeniaceae;g__Palsa-1188;s__Palsa-1188 sp003132605	99.33	0.635	d__Bacteria;p__Bacillota_B;c__DSM-12270;o__Thermacetogeniales;f__Thermacetogeniaceae;g__Palsa-1188;s__	taxonomic classification defined by topology and ANI	classification based on placement in class-level tree	GCA_003160265.1, s__Palsa-1188 sp003160265, 95.0, 92.8, 0.297	49.93	11.0	0.99795	
MEGAHIT-MetaBAT2-Sample_ID26-SF_10_BOTTOM.7.fa	d__Bacteria;p__Bacteroidota;c__Bacteroidia;o__Bacteroidales;f__FEN-979;g__FEN-979;s__FEN-979 sp003142515	GCA_003142515.1	95.0	d__Bacteria;p__Bacteroidota;c__Bacteroidia;o__Bacteroidales;f__FEN-979;g__FEN-979;s__FEN-979 sp003142515	97.23	0.764							ani_screen	classification based on ANI only	GCA_017882335.1, s__FEN-979 sp017882335, 95.0, 84.85, 0.292				
MEGAHIT-MetaBAT2-Sample_ID22-SF_8_BOTTOM.2.fa	d__Bacteria;p__Bacteroidota;c__Bacteroidia;o__Bacteroidales;f__VadinHA17;g__LD21;s__LD21 sp003141415	GCA_003141415.1	95.0	d__Bacteria;p__Bacteroidota;c__Bacteroidia;o__Bacteroidales;f__VadinHA17;g__LD21;s__LD21 sp003141415	99.82	0.852							ani_screen	classification based on ANI only	GCA_003141715.1, s__LD21 sp003141715, 95.0, 84.21, 0.216; GCA_017882305.1, s__LD21 sp017882305, 95.0, 83.96, 0.237				
MEGAHIT-MetaBAT2-Sample_ID22-SF_8_BOTTOM.4.fa	d__Bacteria;p__Acidobacteriota;c__Thermoanaerobaculia;o__Thermoanaerobaculales;f__Thermoanaerobaculaceae;g__RBG-13-68-16;s__RBG-13-68-16 sp003133645	GCA_003133645.1	95.0	d__Bacteria;p__Acidobacteriota;c__Thermoanaerobaculia;o__Thermoanaerobaculales;f__Thermoanaerobaculaceae;g__RBG-13-68-16;s__RBG-13-68-16 sp003133645	97.95	0.78							ani_screen	classification based on ANI only	GCA_021818005.1, s__RBG-13-68-16 sp021818005, 95.0, 84.49, 0.161; GCA_002279285.1, s__RBG-13-68-16 sp002279285, 95.0, 92.44, 0.59; GCA_004298115.1, s__RBG-13-68-16 sp004298115, 95.0, 88.46, 0.383; GCA_027458945.1, s__RBG-13-68-16 sp027458945, 95.0, 87.11, 0.186				
MEGAHIT-MetaBAT2-Sample_ID22-SF_8_BOTTOM.5.fa	d__Bacteria;p__Acidobacteriota;c__Thermoanaerobaculia;o__UBA5066;f__UBA5066;g__Fen-183;s__Fen-183 sp003152095	GCA_003152095.1	95.0	d__Bacteria;p__Acidobacteriota;c__Thermoanaerobaculia;o__UBA5066;f__UBA5066;g__Fen-183;s__Fen-183 sp003152095	99.58	0.884							ani_screen	classification based on ANI only	GCA_937888435.1, s__Fen-183 sp937888435, 95.0, 88.42, 0.3				
MEGAHIT-MetaBAT2-Sample_ID22-SF_8_BOTTOM.6.fa	d__Bacteria;p__Caldisericota;c__Caldisericia;o__Cryosericales;f__Cryosericaceae;g__Cryosericum;s__						GCF_003570935.1	95.0	d__Bacteria;p__Caldisericota;c__Caldisericia;o__Cryosericales;f__Cryosericaceae;g__Cryosericum;s__Cryosericum odellii	94.73	0.306	d__Bacteria;p__Caldisericota;c__Caldisericia;o__Cryosericales;f__Cryosericaceae;g__Cryosericum;s__	taxonomic classification defined by topology and ANI	classification based on placement in class-level tree	GCF_003570985.1, s__Cryosericum hinesii, 95.0, 96.31, 0.578; GCF_003570995.1, s__Cryosericum septentrionale, 95.0, 93.64, 0.308; GCF_003570925.1, s__Cryosericum terrychapinii, 95.0, 93.21, 0.206; GCA_013824685.1, s__Cryosericum sp013824685, 95.0, 91.68, 0.184	22.96	11.0	0.99603	
MEGAHIT-MetaBAT2-Sample_ID22-SF_8_BOTTOM.8.fa	d__Bacteria;p__Bacteroidota;c__Bacteroidia;o__Bacteroidales;f__VadinHA17;g__LD21;s__LD21 sp003141495	GCA_003141495.1	95.0	d__Bacteria;p__Bacteroidota;c__Bacteroidia;o__Bacteroidales;f__VadinHA17;g__LD21;s__LD21 sp003141495	99.71	0.867							ani_screen	classification based on ANI only	GCA_003141715.1, s__LD21 sp003141715, 95.0, 83.38, 0.172; GCA_003162595.1, s__LD21 sp003162595, 95.0, 89.64, 0.419				
MEGAHIT-CONCOCTRefined-Sample_ID22-SF_8_BOTTOM.13_sub.fa	d__Archaea;p__Halobacteriota;c__Bog-38;o__Bog-38;f__Bog-38;g__Bog-38;s__Bog-38 sp003170935	GCA_003170935.1	95.0	d__Archaea;p__Halobacteriota;c__Bog-38;o__Bog-38;f__Bog-38;g__Bog-38;s__Bog-38 sp003170935	98.71	0.69							ani_screen	classification based on ANI only					
MEGAHIT-MaxBin2Refined-Sample_ID22-SF_8_BOTTOM.002.fa	d__Archaea;p__Halobacteriota;c__Bog-38;o__Bog-38;f__Bog-38;g__Bog-38;s__Bog-38 sp003162175	GCA_003162175.1	95.0	d__Archaea;p__Halobacteriota;c__Bog-38;o__Bog-38;f__Bog-38;g__Bog-38;s__Bog-38 sp003162175	95.65	0.781							ani_screen	classification based on ANI only	GCA_015661395.1, s__Bog-38 sp015661395, 95.0, 92.61, 0.678; GCA_003158275.1, s__Bog-38 sp003158275, 96.79, 89.57, 0.372; GCA_003139855.1, s__Bog-38 sp003139855, 95.0, 89.78, 0.575				
MEGAHIT-MetaBAT2Refined-Sample_ID22-SF_8_BOTTOM.3.fa	d__Archaea;p__Halobacteriota;c__Bog-38;o__Bog-38;f__Bog-38;g__Bog-38;s__						GCA_003170935.1	95.0	d__Archaea;p__Halobacteriota;c__Bog-38;o__Bog-38;f__Bog-38;g__Bog-38;s__Bog-38 sp003170935	89.51	0.372	d__Archaea;p__Halobacteriota;c__Bog-38;o__Bog-38;f__Bog-38;g__Bog-38;s__	taxonomic classification defined by topology and ANI		GCA_015660915.1, s__Bog-38 sp015660915, 95.0, 85.79, 0.184	93.06	11.0	0.97079	
MEGAHIT-MetaBAT2-Sample_ID26-SF_10_BOTTOM.1.fa	d__Archaea;p__Halobacteriota;c__Bog-38;o__Bog-38;f__Bog-38;g__Bog-38;s__Bog-38 sp003170935	GCA_003170935.1	95.0	d__Archaea;p__Halobacteriota;c__Bog-38;o__Bog-38;f__Bog-38;g__Bog-38;s__Bog-38 sp003170935	98.38	0.793							ani_screen	classification based on ANI only					
MEGAHIT-MetaBAT2-Sample_ID26-SF_10_BOTTOM.14.fa	d__Archaea;p__Halobacteriota;c__Bog-38;o__Bog-38;f__Bog-38;g__Bog-38;s__						GCA_003170935.1	95.0	d__Archaea;p__Halobacteriota;c__Bog-38;o__Bog-38;f__Bog-38;g__Bog-38;s__Bog-38 sp003170935	88.16	0.363	d__Archaea;p__Halobacteriota;c__Bog-38;o__Bog-38;f__Bog-38;g__Bog-38;s__	taxonomic classification defined by topology and ANI		GCA_015660915.1, s__Bog-38 sp015660915, 95.0, 84.78, 0.182	90.02	11.0	0.96984	Genome has more than 11.3% of markers with multiple hits
MEGAHIT-MetaBAT2-Sample_ID26-SF_10_BOTTOM.9.fa	d__Archaea;p__Halobacteriota;c__Bog-38;o__Bog-38;f__Bog-38;g__Bog-38;s__Bog-38 sp003162175	GCA_003162175.1	95.0	d__Archaea;p__Halobacteriota;c__Bog-38;o__Bog-38;f__Bog-38;g__Bog-38;s__Bog-38 sp003162175	96.12	0.796							ani_screen	classification based on ANI only	GCA_003139855.1, s__Bog-38 sp003139855, 95.0, 90.61, 0.582; GCA_003158275.1, s__Bog-38 sp003158275, 96.79, 89.91, 0.36; GCA_015661395.1, s__Bog-38 sp015661395, 95.0, 93.34, 0.708				
MEGAHIT-CONCOCTRefined-Sample_ID26-SF_10_BOTTOM.28.fa	d__Archaea;p__Halobacteriota;c__Bog-38;o__Bog-38;f__Bog-38;g__Bog-38;s__Bog-38 sp003162175	GCA_003162175.1	95.0	d__Archaea;p__Halobacteriota;c__Bog-38;o__Bog-38;f__Bog-38;g__Bog-38;s__Bog-38 sp003162175	96.05	0.756							ani_screen	classification based on ANI only	GCA_015661395.1, s__Bog-38 sp015661395, 95.0, 93.25, 0.667; GCA_003158275.1, s__Bog-38 sp003158275, 96.79, 89.91, 0.335; GCA_003139855.1, s__Bog-38 sp003139855, 95.0, 90.51, 0.541				
MEGAHIT-MaxBin2Refined-Sample_ID26-SF_10_BOTTOM.011_sub.fa	d__Archaea;p__Halobacteriota;c__Bog-38;o__Bog-38;f__Bog-38;g__Bog-38;s__						GCA_003170935.1	95.0	d__Archaea;p__Halobacteriota;c__Bog-38;o__Bog-38;f__Bog-38;g__Bog-38;s__Bog-38 sp003170935	97.94	0.614	d__Archaea;p__Halobacteriota;c__Bog-38;o__Bog-38;f__Bog-38;g__Bog-38;s__	taxonomic classification defined by topology and ANI			84.66	11.0	0.9981	
MEGAHIT-MaxBin2Refined-Sample_ID26-SF_10_BOTTOM.012.fa	d__Archaea;p__Halobacteriota;c__Bog-38;o__Bog-38;f__Bog-38;g__Bog-38;s__						GCA_003170935.1	95.0	d__Archaea;p__Halobacteriota;c__Bog-38;o__Bog-38;f__Bog-38;g__Bog-38;s__Bog-38 sp003170935	87.88	0.384	d__Archaea;p__Halobacteriota;c__Bog-38;o__Bog-38;f__Bog-38;g__Bog-38;s__	taxonomic classification defined by topology and ANI		GCA_015660915.1, s__Bog-38 sp015660915, 95.0, 84.72, 0.209	90.02	11.0	0.96984	Genome has more than 11.3% of markers with multiple hits
MEGAHIT-CONCOCTRefined-Sample_ID32-SF_13_BOTTOM.0.fa	d__Bacteria;p__Planctomycetota;c__Phycisphaerae;o__Sedimentisphaerales;f__UBA12454;g__UBA12454;s__UBA12454 sp003142595	GCA_003142595.1	95.0	d__Bacteria;p__Planctomycetota;c__Phycisphaerae;o__Sedimentisphaerales;f__UBA12454;g__UBA12454;s__UBA12454 sp003142595	99.97	0.983							ani_screen	classification based on ANI only					
MEGAHIT-CONCOCTRefined-Sample_ID32-SF_13_BOTTOM.11.fa	d__Bacteria;p__Pseudomonadota;c__Gammaproteobacteria;o__Steroidobacterales;f__Steroidobacteraceae;g__Bog-1198;s__											d__Bacteria;p__Pseudomonadota;c__Gammaproteobacteria;o__Steroidobacterales;f__Steroidobacteraceae;g__Bog-1198;s__	taxonomic classification fully defined by topology	classification based on placement in class-level tree		66.34	11.0	0.97338	
MEGAHIT-CONCOCTRefined-Sample_ID32-SF_13_BOTTOM.2.fa	d__Bacteria;p__Bacteroidota;c__UBA10030;o__UBA10030;f__UBA10030;g__Fen-1298;s__Fen-1298 sp003142575	GCA_003142575.1	95.0	d__Bacteria;p__Bacteroidota;c__UBA10030;o__UBA10030;f__UBA10030;g__Fen-1298;s__Fen-1298 sp003142575	99.63	0.917							ani_screen	classification based on ANI only	GCA_003155495.1, s__Fen-1298 sp003155495, 95.0, 89.62, 0.413				
MEGAHIT-CONCOCTRefined-Sample_ID32-SF_13_BOTTOM.3.fa	d__Bacteria;p__Caldisericota;c__Caldisericia;o__Cryosericales;f__Cryosericaceae;g__Cryosericum;s__											d__Bacteria;p__Caldisericota;c__Caldisericia;o__Cryosericales;f__Cryosericaceae;g__Cryosericum;s__	taxonomic classification defined by topology and ANI	classification based on placement in class-level tree	GCF_003570935.1, s__Cryosericum odellii, 95.0, 91.57, 0.266; GCF_003570985.1, s__Cryosericum hinesii, 95.0, 91.17, 0.362; GCF_003570925.1, s__Cryosericum terrychapinii, 95.0, 89.88, 0.184; GCF_003570995.1, s__Cryosericum septentrionale, 95.0, 89.67, 0.237	51.68	11.0	0.99068	
MEGAHIT-DASToolUnbinned-Sample_ID32-SF_13_BOTTOM.fa	d__Bacteria;p__Bacteroidota;c__Bacteroidia;o__Bacteroidales;f__VadinHA17;g__LD21;s__LD21 sp003141895	GCA_003141895.1	95.0	d__Bacteria;p__Bacteroidota;c__Bacteroidia;o__Bacteroidales;f__VadinHA17;g__LD21;s__LD21 sp003141895	99.91	0.702							ani_screen	classification based on ANI only	GCA_003142755.1, s__Fen-1039 sp003142755, 95.0, 99.62, 0.368; GCA_003133425.1, s__Occallatibacter sp003133425, 95.0, 96.32, 0.336				
MEGAHIT-MaxBin2-Sample_ID36-SF_15_BOTTOM.002.fa	d__Archaea;p__Halobacteriota;c__Bog-38;o__Bog-38;f__Bog-38;g__Bog-38;s__Bog-38 sp003162175	GCA_003162175.1	95.0	d__Archaea;p__Halobacteriota;c__Bog-38;o__Bog-38;f__Bog-38;g__Bog-38;s__Bog-38 sp003162175	98.05	0.784							ani_screen	classification based on ANI only	GCA_003139855.1, s__Bog-38 sp003139855, 95.0, 92.51, 0.382; GCA_003158275.1, s__Bog-38 sp003158275, 96.79, 92.23, 0.252; GCA_015661395.1, s__Bog-38 sp015661395, 95.0, 94.18, 0.543				
MEGAHIT-CONCOCTRefined-Sample_ID34-SF_14_BOTTOM.24_sub.fa	d__Bacteria;p__Acidobacteriota;c__Thermoanaerobaculia;o__Thermoanaerobaculales;f__Thermoanaerobaculaceae;g__RBG-13-68-16;s__RBG-13-68-16 sp003133645	GCA_003133645.1	95.0	d__Bacteria;p__Acidobacteriota;c__Thermoanaerobaculia;o__Thermoanaerobaculales;f__Thermoanaerobaculaceae;g__RBG-13-68-16;s__RBG-13-68-16 sp003133645	98.75	0.833							ani_screen	classification based on ANI only	GCA_002279285.1, s__RBG-13-68-16 sp002279285, 95.0, 93.98, 0.448; GCA_004298115.1, s__RBG-13-68-16 sp004298115, 95.0, 90.55, 0.276				
MEGAHIT-CONCOCTRefined-Sample_ID34-SF_14_BOTTOM.29.fa	d__Bacteria;p__Planctomycetota;c__Phycisphaerae;o__Sedimentisphaerales;f__SG8-4;g__Fen-1362;s__						GCA_003170415.1	95.0	d__Bacteria;p__Planctomycetota;c__Phycisphaerae;o__Sedimentisphaerales;f__SG8-4;g__Fen-1362;s__Fen-1362 sp003170415	91.23	0.424	d__Bacteria;p__Planctomycetota;c__Phycisphaerae;o__Sedimentisphaerales;f__SG8-4;g__Fen-1362;s__	taxonomic classification defined by topology and ANI	classification based on placement in class-level tree	GCA_003141275.1, s__Fen-1362 sp003141275, 95.0, 90.22, 0.326	76.92	11.0	0.99339	
MEGAHIT-CONCOCTRefined-Sample_ID34-SF_14_BOTTOM.38.fa	d__Bacteria;p__Caldisericota;c__Caldisericia;o__Cryosericales;f__Cryosericaceae;g__Cryosericum;s__											d__Bacteria;p__Caldisericota;c__Caldisericia;o__Cryosericales;f__Cryosericaceae;g__Cryosericum;s__	taxonomic classification defined by topology and ANI	classification based on placement in class-level tree	GCF_003570985.1, s__Cryosericum hinesii, 95.0, 91.59, 0.354; GCF_003570935.1, s__Cryosericum odellii, 95.0, 91.52, 0.246; GCF_003570995.1, s__Cryosericum septentrionale, 95.0, 90.27, 0.245; GCF_003570925.1, s__Cryosericum terrychapinii, 95.0, 89.92, 0.191	60.81	11.0	0.99109	
MEGAHIT-MaxBin2Refined-Sample_ID34-SF_14_BOTTOM.008_sub.fa	d__Bacteria;p__Bacteroidota;c__Bacteroidia;o__Bacteroidales;f__VadinHA17;g__LD21;s__LD21 sp003141415	GCA_003141415.1	95.0	d__Bacteria;p__Bacteroidota;c__Bacteroidia;o__Bacteroidales;f__VadinHA17;g__LD21;s__LD21 sp003141415	99.64	0.829							ani_screen	classification based on ANI only	GCA_017882305.1, s__LD21 sp017882305, 95.0, 83.39, 0.209; GCA_003141715.1, s__LD21 sp003141715, 95.0, 84.01, 0.198				
MEGAHIT-MetaBAT2Refined-Sample_ID34-SF_14_BOTTOM.10.fa	d__Bacteria;p__Bacteroidota;c__Bacteroidia;o__Bacteroidales;f__VadinHA17;g__LD21;s__LD21 sp003141495	GCA_003141495.1	95.0	d__Bacteria;p__Bacteroidota;c__Bacteroidia;o__Bacteroidales;f__VadinHA17;g__LD21;s__LD21 sp003141495	99.61	0.856							ani_screen	classification based on ANI only	GCA_003162595.1, s__LD21 sp003162595, 95.0, 89.57, 0.391; GCA_003141715.1, s__LD21 sp003141715, 95.0, 83.62, 0.158				
MEGAHIT-DASToolUnbinned-Sample_ID36-SF_15_BOTTOM.fa	d__Bacteria;p__UBA8481;c__;o__;f__;g__;s__											d__Bacteria;p__UBA8481;c__;o__;f__;g__;s__	taxonomic novelty determined using RED	classification based on placement in backbone tree		22.3	11.0	0.29503	Genome has more than 54.2% of markers with multiple hits
MEGAHIT-MaxBin2-Sample_ID26-SF_10_BOTTOM.001.fa	Unclassified Bacteria																		Insufficient number of amino acids in MSA (7.6%)
MEGAHIT-MaxBin2-Sample_ID26-SF_10_BOTTOM.002.fa	d__Bacteria;p__Caldisericota;c__Caldisericia;o__Cryosericales;f__Cryosericaceae;g__Cryosericum;s__						GCF_003570985.1	95.0	d__Bacteria;p__Caldisericota;c__Caldisericia;o__Cryosericales;f__Cryosericaceae;g__Cryosericum;s__Cryosericum hinesii	95.76	0.368	d__Bacteria;p__Caldisericota;c__Caldisericia;o__Cryosericales;f__Cryosericaceae;g__Cryosericum;s__	taxonomic classification defined by topology and ANI	classification based on placement in class-level tree	GCF_003570935.1, s__Cryosericum odellii, 95.0, 94.24, 0.236; GCF_003570995.1, s__Cryosericum septentrionale, 95.0, 93.54, 0.246; GCF_003570925.1, s__Cryosericum terrychapinii, 95.0, 92.77, 0.229	45.1	11.0	0.99699	Genome has more than 15.0% of markers with multiple hits
MEGAHIT-MaxBin2-Sample_ID26-SF_10_BOTTOM.004.fa	d__Bacteria;p__Acidobacteriota;c__Thermoanaerobaculia;o__Thermoanaerobaculales;f__Thermoanaerobaculaceae;g__RBG-13-68-16;s__RBG-13-68-16 sp003133645	GCA_003133645.1	95.0	d__Bacteria;p__Acidobacteriota;c__Thermoanaerobaculia;o__Thermoanaerobaculales;f__Thermoanaerobaculaceae;g__RBG-13-68-16;s__RBG-13-68-16 sp003133645	97.75	0.812							ani_screen	classification based on ANI only	GCA_027458945.1, s__RBG-13-68-16 sp027458945, 95.0, 87.05, 0.212; GCA_004298115.1, s__RBG-13-68-16 sp004298115, 95.0, 87.7, 0.399; GCA_002279285.1, s__RBG-13-68-16 sp002279285, 95.0, 92.78, 0.659; GCA_021818005.1, s__RBG-13-68-16 sp021818005, 95.0, 84.77, 0.183				
MEGAHIT-MaxBin2-Sample_ID26-SF_10_BOTTOM.005.fa	d__Bacteria;p__Nitrospirota;c__Thermodesulfovibrionia;o__Thermodesulfovibrionales;f__Dissulfurispiraceae;g__Fen-1308;s__						GCA_003170655.1	95.0	d__Bacteria;p__Nitrospirota;c__Thermodesulfovibrionia;o__Thermodesulfovibrionales;f__Dissulfurispiraceae;g__Fen-1308;s__Fen-1308 sp003170655	97.5	0.338	d__Bacteria;p__Nitrospirota;c__Thermodesulfovibrionia;o__Thermodesulfovibrionales;f__Dissulfurispiraceae;g__Fen-1308;s__	taxonomic classification defined by topology and ANI	classification based on placement in class-level tree		38.37	11.0	0.98928	Genome has more than 13.3% of markers with multiple hits
MEGAHIT-MaxBin2-Sample_ID26-SF_10_BOTTOM.006.fa	d__Bacteria;p__Bacteroidota;c__Ignavibacteria;o__Ignavibacteriales;f__Ignavibacteriaceae;g__Fen-1301;s__						GCA_003141435.1	95.0	d__Bacteria;p__Bacteroidota;c__Ignavibacteria;o__Ignavibacteriales;f__Ignavibacteriaceae;g__Fen-1301;s__Fen-1301 sp003141435	84.2	0.19	d__Bacteria;p__Bacteroidota;c__Ignavibacteria;o__Ignavibacteriales;f__Ignavibacteriaceae;g__Fen-1301;s__	taxonomic classification defined by topology and ANI	classification based on placement in class-level tree		86.36	11.0	0.96215	
MEGAHIT-MaxBin2-Sample_ID26-SF_10_BOTTOM.007.fa	d__Bacteria;p__Bacillota_B;c__DSM-12270;o__Thermacetogeniales;f__Thermacetogeniaceae;g__Palsa-1188;s__						GCA_003132605.1	95.0	d__Bacteria;p__Bacillota_B;c__DSM-12270;o__Thermacetogeniales;f__Thermacetogeniaceae;g__Palsa-1188;s__Palsa-1188 sp003132605	99.36	0.634	d__Bacteria;p__Bacillota_B;c__DSM-12270;o__Thermacetogeniales;f__Thermacetogeniaceae;g__Palsa-1188;s__	taxonomic classification defined by topology and ANI	classification based on placement in class-level tree	GCA_003160265.1, s__Palsa-1188 sp003160265, 95.0, 92.64, 0.268	60.71	11.0	0.99859	
MEGAHIT-MaxBin2-Sample_ID26-SF_10_BOTTOM.008.fa	d__Bacteria;p__Bacteroidota;c__Bacteroidia;o__Bacteroidales;f__VadinHA17;g__LD21;s__LD21 sp003141415	GCA_003141415.1	95.0	d__Bacteria;p__Bacteroidota;c__Bacteroidia;o__Bacteroidales;f__VadinHA17;g__LD21;s__LD21 sp003141415	99.33	0.823							ani_screen	classification based on ANI only	GCA_003141715.1, s__LD21 sp003141715, 95.0, 84.02, 0.202; GCA_017882305.1, s__LD21 sp017882305, 95.0, 83.08, 0.222				
MEGAHIT-MaxBin2-Sample_ID26-SF_10_BOTTOM.009.fa	d__Bacteria;p__Bacteroidota;c__Bacteroidia;o__Bacteroidales;f__VadinHA17;g__LD21;s__LD21 sp003141495	GCA_003141495.1	95.0	d__Bacteria;p__Bacteroidota;c__Bacteroidia;o__Bacteroidales;f__VadinHA17;g__LD21;s__LD21 sp003141495	99.36	0.963							ani_screen	classification based on ANI only	GCA_003141715.1, s__LD21 sp003141715, 95.0, 84.13, 0.177; GCA_003162595.1, s__LD21 sp003162595, 95.0, 89.35, 0.408; GCA_003141415.1, s__LD21 sp003141415, 95.0, 89.92, 0.247				
MEGAHIT-MaxBin2-Sample_ID26-SF_10_BOTTOM.010.fa	d__Bacteria;p__Bacteroidota;c__Bacteroidia;o__Bacteroidales;f__FEN-979;g__FEN-979;s__FEN-979 sp003142515	GCA_003142515.1	95.0	d__Bacteria;p__Bacteroidota;c__Bacteroidia;o__Bacteroidales;f__FEN-979;g__FEN-979;s__FEN-979 sp003142515	97.11	0.772							ani_screen	classification based on ANI only	GCA_017882335.1, s__FEN-979 sp017882335, 95.0, 84.85, 0.292				
MEGAHIT-DASToolUnbinned-Sample_ID38-SF_16_BOTTOM.fa	d__Bacteria;p__Acidobacteriota;c__Terriglobia;o__Bryobacterales;f__Bryobacteraceae;g__Fen-178;s__											d__Bacteria;p__Acidobacteriota;c__Terriglobia;o__Bryobacterales;f__Bryobacteraceae;g__Fen-178;s__	taxonomic classification fully defined by topology	classification based on placement in class-level tree		22.3	11.0	0.98532	Genome has more than 10.8% of markers with multiple hits
MEGAHIT-MetaBAT2-Sample_ID32-SF_13_BOTTOM.11.fa	d__Bacteria;p__Bacteroidota;c__Bacteroidia;o__Bacteroidales;f__VadinHA17;g__LD21;s__LD21 sp003141895	GCA_003141895.1	95.0	d__Bacteria;p__Bacteroidota;c__Bacteroidia;o__Bacteroidales;f__VadinHA17;g__LD21;s__LD21 sp003141895	99.96	0.789							ani_screen	classification based on ANI only					
MEGAHIT-MetaBAT2-Sample_ID32-SF_13_BOTTOM.2.fa	d__Bacteria;p__Pseudomonadota;c__Gammaproteobacteria;o__Steroidobacterales;f__Steroidobacteraceae;g__Bog-1198;s__											d__Bacteria;p__Pseudomonadota;c__Gammaproteobacteria;o__Steroidobacterales;f__Steroidobacteraceae;g__Bog-1198;s__	taxonomic classification fully defined by topology	classification based on placement in class-level tree		67.71	11.0	0.97379	
MEGAHIT-MetaBAT2-Sample_ID32-SF_13_BOTTOM.4.fa	d__Bacteria;p__Bacteroidota;c__UBA10030;o__UBA10030;f__UBA10030;g__Fen-1298;s__Fen-1298 sp003142575	GCA_003142575.1	95.0	d__Bacteria;p__Bacteroidota;c__UBA10030;o__UBA10030;f__UBA10030;g__Fen-1298;s__Fen-1298 sp003142575	99.65	0.888							ani_screen	classification based on ANI only	GCA_003155495.1, s__Fen-1298 sp003155495, 95.0, 89.62, 0.449				
MEGAHIT-MetaBAT2-Sample_ID32-SF_13_BOTTOM.5.fa	d__Bacteria;p__Caldisericota;c__Caldisericia;o__Cryosericales;f__Cryosericaceae;g__Cryosericum;s__											d__Bacteria;p__Caldisericota;c__Caldisericia;o__Cryosericales;f__Cryosericaceae;g__Cryosericum;s__	taxonomic classification defined by topology and ANI	classification based on placement in class-level tree	GCF_003570935.1, s__Cryosericum odellii, 95.0, 91.36, 0.325; GCF_003570985.1, s__Cryosericum hinesii, 95.0, 91.11, 0.488; GCF_003570995.1, s__Cryosericum septentrionale, 95.0, 89.67, 0.345; GCF_003570925.1, s__Cryosericum terrychapinii, 95.0, 89.52, 0.272; GCA_013824685.1, s__Cryosericum sp013824685, 95.0, 88.43, 0.203	25.3	11.0	0.98986	
MEGAHIT-MetaBAT2-Sample_ID32-SF_13_BOTTOM.7.fa	d__Bacteria;p__Acidobacteriota;c__Terriglobia;o__Terriglobales;f__Acidobacteriaceae;g__Occallatibacter;s__Occallatibacter sp003133425	GCA_003133425.1	95.0	d__Bacteria;p__Acidobacteriota;c__Terriglobia;o__Terriglobales;f__Acidobacteriaceae;g__Occallatibacter;s__Occallatibacter sp003133425	96.3	0.684							ani_screen	classification based on ANI only					
MEGAHIT-MetaBAT2-Sample_ID32-SF_13_BOTTOM.8.fa	d__Bacteria;p__Planctomycetota;c__Phycisphaerae;o__Sedimentisphaerales;f__UBA12454;g__UBA12454;s__UBA12454 sp003142595	GCA_003142595.1	95.0	d__Bacteria;p__Planctomycetota;c__Phycisphaerae;o__Sedimentisphaerales;f__UBA12454;g__UBA12454;s__UBA12454 sp003142595	99.97	0.983							ani_screen	classification based on ANI only					
MEGAHIT-MaxBin2-Sample_ID22-SF_8_BOTTOM.001.fa	d__Bacteria;p__Actinomycetota;c__Thermoleophilia;o__UBA2241;f__;g__;s__											d__Bacteria;p__Actinomycetota;c__Thermoleophilia;o__UBA2241;f__;g__;s__	taxonomic novelty determined using RED	classification based on placement in class-level tree		14.14	11.0	0.62678	
MEGAHIT-MaxBin2-Sample_ID22-SF_8_BOTTOM.003.fa	d__Bacteria;p__Acidobacteriota;c__Thermoanaerobaculia;o__UBA5066;f__UBA5066;g__Fen-183;s__Fen-183 sp003152095	GCA_003152095.1	95.0	d__Bacteria;p__Acidobacteriota;c__Thermoanaerobaculia;o__UBA5066;f__UBA5066;g__Fen-183;s__Fen-183 sp003152095	99.58	0.907							ani_screen	classification based on ANI only	GCA_937888435.1, s__Fen-183 sp937888435, 95.0, 88.44, 0.302				
MEGAHIT-MaxBin2-Sample_ID22-SF_8_BOTTOM.004.fa	d__Bacteria;p__Caldisericota;c__Caldisericia;o__Cryosericales;f__Cryosericaceae;g__Cryosericum;s__						GCF_003570935.1	95.0	d__Bacteria;p__Caldisericota;c__Caldisericia;o__Cryosericales;f__Cryosericaceae;g__Cryosericum;s__Cryosericum odellii			d__Bacteria;p__Caldisericota;c__Caldisericia;o__Cryosericales;f__Cryosericaceae;g__Cryosericum;s__	taxonomic classification defined by topology and ANI	classification based on placement in class-level tree	GCF_003570985.1, s__Cryosericum hinesii, 95.0, 96.6, 0.223	25.74	11.0	0.99592	Genome has more than 14.2% of markers with multiple hits
MEGAHIT-MaxBin2-Sample_ID22-SF_8_BOTTOM.005.fa	d__Bacteria;p__Acidobacteriota;c__Thermoanaerobaculia;o__Thermoanaerobaculales;f__Thermoanaerobaculaceae;g__RBG-13-68-16;s__RBG-13-68-16 sp003133645	GCA_003133645.1	95.0	d__Bacteria;p__Acidobacteriota;c__Thermoanaerobaculia;o__Thermoanaerobaculales;f__Thermoanaerobaculaceae;g__RBG-13-68-16;s__RBG-13-68-16 sp003133645	97.88	0.789							ani_screen	classification based on ANI only	GCA_021818005.1, s__RBG-13-68-16 sp021818005, 95.0, 84.57, 0.16; GCA_004298115.1, s__RBG-13-68-16 sp004298115, 95.0, 88.47, 0.358; GCA_002279285.1, s__RBG-13-68-16 sp002279285, 95.0, 92.45, 0.596; GCA_027458945.1, s__RBG-13-68-16 sp027458945, 95.0, 87.11, 0.186				
MEGAHIT-MaxBin2-Sample_ID22-SF_8_BOTTOM.006.fa	d__Bacteria;p__Bacteroidota;c__Bacteroidia;o__Bacteroidales;f__VadinHA17;g__LD21;s__LD21 sp003141415	GCA_003141415.1	95.0	d__Bacteria;p__Bacteroidota;c__Bacteroidia;o__Bacteroidales;f__VadinHA17;g__LD21;s__LD21 sp003141415	99.77	0.846							ani_screen	classification based on ANI only	GCA_017882305.1, s__LD21 sp017882305, 95.0, 83.83, 0.229; GCA_003141715.1, s__LD21 sp003141715, 95.0, 84.01, 0.21				
MEGAHIT-MaxBin2-Sample_ID22-SF_8_BOTTOM.009.fa	d__Bacteria;p__Bacteroidota;c__Bacteroidia;o__Bacteroidales;f__VadinHA17;g__LD21;s__LD21 sp003141495	GCA_003141495.1	95.0	d__Bacteria;p__Bacteroidota;c__Bacteroidia;o__Bacteroidales;f__VadinHA17;g__LD21;s__LD21 sp003141495	99.71	0.801							ani_screen	classification based on ANI only	GCA_003162595.1, s__LD21 sp003162595, 95.0, 89.76, 0.404; GCA_003141415.1, s__LD21 sp003141415, 95.0, 85.61, 0.192; GCA_003141715.1, s__LD21 sp003141715, 95.0, 83.38, 0.171				
MEGAHIT-CONCOCTRefined-Sample_ID22-SF_8_BOTTOM.24.fa	d__Bacteria;p__Acidobacteriota;c__Thermoanaerobaculia;o__UBA5066;f__UBA5066;g__Fen-183;s__Fen-183 sp003152095	GCA_003152095.1	95.0	d__Bacteria;p__Acidobacteriota;c__Thermoanaerobaculia;o__UBA5066;f__UBA5066;g__Fen-183;s__Fen-183 sp003152095	99.59	0.9							ani_screen	classification based on ANI only	GCA_937888435.1, s__Fen-183 sp937888435, 95.0, 88.41, 0.3				
MEGAHIT-MaxBin2Refined-Sample_ID22-SF_8_BOTTOM.009_sub.fa	d__Bacteria;p__Bacteroidota;c__Bacteroidia;o__Bacteroidales;f__VadinHA17;g__LD21;s__LD21 sp003141495	GCA_003141495.1	95.0	d__Bacteria;p__Bacteroidota;c__Bacteroidia;o__Bacteroidales;f__VadinHA17;g__LD21;s__LD21 sp003141495	99.71	0.801							ani_screen	classification based on ANI only	GCA_003162595.1, s__LD21 sp003162595, 95.0, 89.76, 0.404; GCA_003141715.1, s__LD21 sp003141715, 95.0, 83.38, 0.172; GCA_003141415.1, s__LD21 sp003141415, 95.0, 85.61, 0.193				
MEGAHIT-MetaBAT2Refined-Sample_ID22-SF_8_BOTTOM.2_sub.fa	d__Bacteria;p__Bacteroidota;c__Bacteroidia;o__Bacteroidales;f__VadinHA17;g__LD21;s__LD21 sp003141415	GCA_003141415.1	95.0	d__Bacteria;p__Bacteroidota;c__Bacteroidia;o__Bacteroidales;f__VadinHA17;g__LD21;s__LD21 sp003141415	99.74	0.864							ani_screen	classification based on ANI only	GCA_017882305.1, s__LD21 sp017882305, 95.0, 83.84, 0.229; GCA_003141715.1, s__LD21 sp003141715, 95.0, 84.0, 0.209; GCA_003141525.1, s__LD21 sp003141525, 95.0, 83.34, 0.152				
MEGAHIT-MetaBAT2Refined-Sample_ID22-SF_8_BOTTOM.4.fa	d__Bacteria;p__Acidobacteriota;c__Thermoanaerobaculia;o__Thermoanaerobaculales;f__Thermoanaerobaculaceae;g__RBG-13-68-16;s__RBG-13-68-16 sp003133645	GCA_003133645.1	95.0	d__Bacteria;p__Acidobacteriota;c__Thermoanaerobaculia;o__Thermoanaerobaculales;f__Thermoanaerobaculaceae;g__RBG-13-68-16;s__RBG-13-68-16 sp003133645	97.95	0.78							ani_screen	classification based on ANI only	GCA_027458945.1, s__RBG-13-68-16 sp027458945, 95.0, 87.11, 0.186; GCA_004298115.1, s__RBG-13-68-16 sp004298115, 95.0, 88.46, 0.383; GCA_021818005.1, s__RBG-13-68-16 sp021818005, 95.0, 84.49, 0.161; GCA_002279285.1, s__RBG-13-68-16 sp002279285, 95.0, 92.44, 0.59				
MEGAHIT-MaxBin2-Sample_ID32-SF_13_BOTTOM.002.fa	d__Bacteria;p__Caldisericota;c__Caldisericia;o__Cryosericales;f__Cryosericaceae;g__Cryosericum;s__											d__Bacteria;p__Caldisericota;c__Caldisericia;o__Cryosericales;f__Cryosericaceae;g__Cryosericum;s__	taxonomic classification defined by topology and ANI	classification based on placement in class-level tree	GCF_003570935.1, s__Cryosericum odellii, 95.0, 91.52, 0.175; GCF_003570985.1, s__Cryosericum hinesii, 95.0, 91.16, 0.238; GCF_003570925.1, s__Cryosericum terrychapinii, 95.0, 89.88, 0.153; GCF_003570995.1, s__Cryosericum septentrionale, 95.0, 89.67, 0.158	42.9	11.0	0.99104	Genome has more than 15.0% of markers with multiple hits
MEGAHIT-MaxBin2-Sample_ID32-SF_13_BOTTOM.003.fa	d__Bacteria;p__Acidobacteriota;c__Terriglobia;o__Terriglobales;f__Acidobacteriaceae;g__Occallatibacter;s__						GCA_003133425.1	95.0	d__Bacteria;p__Acidobacteriota;c__Terriglobia;o__Terriglobales;f__Acidobacteriaceae;g__Occallatibacter;s__Occallatibacter sp003133425	96.35	0.358	d__Bacteria;p__Acidobacteriota;c__Terriglobia;o__Terriglobales;f__Acidobacteriaceae;g__Occallatibacter;s__	taxonomic classification defined by topology and ANI	classification based on placement in class-level tree		39.7	11.0	0.99704	Genome has more than 10.8% of markers with multiple hits
MEGAHIT-MaxBin2-Sample_ID32-SF_13_BOTTOM.004.fa	d__Bacteria;p__Acidobacteriota;c__Terriglobia;o__Terriglobales;f__Acidobacteriaceae;g__Occallatibacter;s__						GCA_003134855.1	95.0	d__Bacteria;p__Acidobacteriota;c__Terriglobia;o__Terriglobales;f__Acidobacteriaceae;g__Occallatibacter;s__Occallatibacter sp003134855	94.9	0.23	d__Bacteria;p__Acidobacteriota;c__Terriglobia;o__Terriglobales;f__Acidobacteriaceae;g__Occallatibacter;s__	taxonomic classification defined by topology and ANI	classification based on placement in class-level tree	GCA_003159355.1, s__Occallatibacter sp003159355, 95.0, 94.71, 0.189	16.7	11.0	0.9932	
MEGAHIT-MaxBin2-Sample_ID32-SF_13_BOTTOM.005.fa	d__Bacteria;p__Pseudomonadota;c__Gammaproteobacteria;o__Steroidobacterales;f__Steroidobacteraceae;g__Bog-1198;s__											d__Bacteria;p__Pseudomonadota;c__Gammaproteobacteria;o__Steroidobacterales;f__Steroidobacteraceae;g__Bog-1198;s__	taxonomic classification fully defined by topology	classification based on placement in class-level tree		35.37	11.0	0.97301	Genome has more than 52.5% of markers with multiple hits
MEGAHIT-MaxBin2-Sample_ID32-SF_13_BOTTOM.006.fa	d__Bacteria;p__Planctomycetota;c__Phycisphaerae;o__Sedimentisphaerales;f__UBA12454;g__UBA12454;s__UBA12454 sp003142595	GCA_003142595.1	95.0	d__Bacteria;p__Planctomycetota;c__Phycisphaerae;o__Sedimentisphaerales;f__UBA12454;g__UBA12454;s__UBA12454 sp003142595	99.96	0.992							ani_screen	classification based on ANI only					
MEGAHIT-MaxBin2-Sample_ID32-SF_13_BOTTOM.007.fa	d__Bacteria;p__Bacteroidota;c__UBA10030;o__UBA10030;f__UBA10030;g__Fen-1298;s__Fen-1298 sp003142575	GCA_003142575.1	95.0	d__Bacteria;p__Bacteroidota;c__UBA10030;o__UBA10030;f__UBA10030;g__Fen-1298;s__Fen-1298 sp003142575	99.62	0.882							ani_screen	classification based on ANI only	GCA_003155495.1, s__Fen-1298 sp003155495, 95.0, 89.57, 0.394				
MEGAHIT-MaxBin2-Sample_ID32-SF_13_BOTTOM.008.fa	d__Bacteria;p__Bacteroidota;c__Bacteroidia;o__Bacteroidales;f__VadinHA17;g__LD21;s__LD21 sp003141895	GCA_003141895.1	95.0	d__Bacteria;p__Bacteroidota;c__Bacteroidia;o__Bacteroidales;f__VadinHA17;g__LD21;s__LD21 sp003141895	99.93	0.682							ani_screen	classification based on ANI only					
MEGAHIT-MaxBin2-Sample_ID22-SF_8_BOTTOM.002.fa	d__Archaea;p__Halobacteriota;c__Bog-38;o__Bog-38;f__Bog-38;g__Bog-38;s__Bog-38 sp003162175	GCA_003162175.1	95.0	d__Archaea;p__Halobacteriota;c__Bog-38;o__Bog-38;f__Bog-38;g__Bog-38;s__Bog-38 sp003162175	95.65	0.781							ani_screen	classification based on ANI only	GCA_015661395.1, s__Bog-38 sp015661395, 95.0, 92.61, 0.678; GCA_003158275.1, s__Bog-38 sp003158275, 96.79, 89.57, 0.372; GCA_003139855.1, s__Bog-38 sp003139855, 95.0, 89.78, 0.575				
MEGAHIT-MaxBin2-Sample_ID22-SF_8_BOTTOM.008.fa	d__Archaea;p__Halobacteriota;c__Bog-38;o__Bog-38;f__Bog-38;g__Bog-38;s__						GCA_003170935.1	95.0	d__Archaea;p__Halobacteriota;c__Bog-38;o__Bog-38;f__Bog-38;g__Bog-38;s__Bog-38 sp003170935	98.51	0.502	d__Archaea;p__Halobacteriota;c__Bog-38;o__Bog-38;f__Bog-38;g__Bog-38;s__	taxonomic classification defined by topology and ANI			60.56	11.0	0.99875	
MEGAHIT-MaxBin2-Sample_ID22-SF_8_BOTTOM.010.fa	d__Archaea;p__Halobacteriota;c__Bog-38;o__Bog-38;f__Bog-38;g__Bog-38;s__						GCA_003170935.1	95.0	d__Archaea;p__Halobacteriota;c__Bog-38;o__Bog-38;f__Bog-38;g__Bog-38;s__Bog-38 sp003170935	89.18	0.309	d__Archaea;p__Halobacteriota;c__Bog-38;o__Bog-38;f__Bog-38;g__Bog-38;s__	taxonomic classification defined by topology and ANI		GCA_015660915.1, s__Bog-38 sp015660915, 95.0, 85.65, 0.161	94.47	11.0	0.97007	
MEGAHIT-MaxBin2Refined-Sample_ID36-SF_15_BOTTOM.002.fa	d__Archaea;p__Halobacteriota;c__Bog-38;o__Bog-38;f__Bog-38;g__Bog-38;s__Bog-38 sp003162175	GCA_003162175.1	95.0	d__Archaea;p__Halobacteriota;c__Bog-38;o__Bog-38;f__Bog-38;g__Bog-38;s__Bog-38 sp003162175	98.05	0.784							ani_screen	classification based on ANI only	GCA_015661395.1, s__Bog-38 sp015661395, 95.0, 94.18, 0.543; GCA_003158275.1, s__Bog-38 sp003158275, 96.79, 92.23, 0.252; GCA_003139855.1, s__Bog-38 sp003139855, 95.0, 92.51, 0.382				
MEGAHIT-MaxBin2-Sample_ID26-SF_10_BOTTOM.003.fa	d__Archaea;p__Halobacteriota;c__Bog-38;o__Bog-38;f__Bog-38;g__Bog-38;s__Bog-38 sp003162175	GCA_003162175.1	95.0	d__Archaea;p__Halobacteriota;c__Bog-38;o__Bog-38;f__Bog-38;g__Bog-38;s__Bog-38 sp003162175	96.05	0.737							ani_screen	classification based on ANI only	GCA_015661395.1, s__Bog-38 sp015661395, 95.0, 93.25, 0.646; GCA_003158275.1, s__Bog-38 sp003158275, 96.79, 89.97, 0.325; GCA_003139855.1, s__Bog-38 sp003139855, 95.0, 90.51, 0.525				
MEGAHIT-MaxBin2-Sample_ID26-SF_10_BOTTOM.011.fa	d__Archaea;p__Halobacteriota;c__Bog-38;o__Bog-38;f__Bog-38;g__Bog-38;s__						GCA_003170935.1	95.0	d__Archaea;p__Halobacteriota;c__Bog-38;o__Bog-38;f__Bog-38;g__Bog-38;s__Bog-38 sp003170935	97.94	0.614	d__Archaea;p__Halobacteriota;c__Bog-38;o__Bog-38;f__Bog-38;g__Bog-38;s__	taxonomic classification defined by topology and ANI			84.66	11.0	0.9981	
MEGAHIT-MaxBin2-Sample_ID26-SF_10_BOTTOM.012.fa	d__Archaea;p__Halobacteriota;c__Bog-38;o__Bog-38;f__Bog-38;g__Bog-38;s__						GCA_003170935.1	95.0	d__Archaea;p__Halobacteriota;c__Bog-38;o__Bog-38;f__Bog-38;g__Bog-38;s__Bog-38 sp003170935	87.88	0.384	d__Archaea;p__Halobacteriota;c__Bog-38;o__Bog-38;f__Bog-38;g__Bog-38;s__	taxonomic classification defined by topology and ANI		GCA_015660915.1, s__Bog-38 sp015660915, 95.0, 84.72, 0.209	90.02	11.0	0.96984	Genome has more than 11.3% of markers with multiple hits
MEGAHIT-MaxBin2-Sample_ID36-SF_15_BOTTOM.001.fa	d__Bacteria;p__J088;c__;o__;f__;g__;s__											d__Bacteria;p__J088;c__;o__;f__;g__;s__	taxonomic novelty determined using RED	classification based on placement in backbone tree		35.79	11.0	0.3453	Genome has more than 23.3% of markers with multiple hits
MEGAHIT-MaxBin2-Sample_ID36-SF_15_BOTTOM.003.fa	d__Bacteria;p__Acidobacteriota;c__Thermoanaerobaculia;o__Thermoanaerobaculales;f__Thermoanaerobaculaceae;g__RBG-13-68-16;s__						GCA_003133645.1	95.0	d__Bacteria;p__Acidobacteriota;c__Thermoanaerobaculia;o__Thermoanaerobaculales;f__Thermoanaerobaculaceae;g__RBG-13-68-16;s__RBG-13-68-16 sp003133645	99.52	0.278	d__Bacteria;p__Acidobacteriota;c__Thermoanaerobaculia;o__Thermoanaerobaculales;f__Thermoanaerobaculaceae;g__RBG-13-68-16;s__	taxonomic classification defined by topology and ANI	classification based on placement in class-level tree		32.08	11.0	0.99606	Genome has more than 20.0% of markers with multiple hits
MEGAHIT-CONCOCTRefined-Sample_ID26-SF_10_BOTTOM.12_sub.fa	d__Bacteria;p__Caldisericota;c__Caldisericia;o__Cryosericales;f__Cryosericaceae;g__Cryosericum;s__											d__Bacteria;p__Caldisericota;c__Caldisericia;o__Cryosericales;f__Cryosericaceae;g__Cryosericum;s__	taxonomic classification defined by topology and ANI	classification based on placement in class-level tree	GCF_003570985.1, s__Cryosericum hinesii, 95.0, 95.76, 0.597; GCF_003570935.1, s__Cryosericum odellii, 95.0, 94.36, 0.39; GCF_003570995.1, s__Cryosericum septentrionale, 95.0, 93.54, 0.432; GCF_003570925.1, s__Cryosericum terrychapinii, 95.0, 92.77, 0.286; GCA_013824685.1, s__Cryosericum sp013824685, 95.0, 90.7, 0.215	56.46	11.0	0.99237	
MEGAHIT-CONCOCTRefined-Sample_ID26-SF_10_BOTTOM.29_sub.fa	d__Bacteria;p__Bacteroidota;c__Bacteroidia;o__Bacteroidales;f__VadinHA17;g__LD21;s__LD21 sp003141495	GCA_003141495.1	95.0	d__Bacteria;p__Bacteroidota;c__Bacteroidia;o__Bacteroidales;f__VadinHA17;g__LD21;s__LD21 sp003141495	99.39	0.908							ani_screen	classification based on ANI only	GCA_003141415.1, s__LD21 sp003141415, 95.0, 86.61, 0.16; GCA_003162595.1, s__LD21 sp003162595, 95.0, 89.57, 0.4; GCA_003141715.1, s__LD21 sp003141715, 95.0, 83.96, 0.174				
MEGAHIT-CONCOCTRefined-Sample_ID26-SF_10_BOTTOM.43_sub.fa	d__Bacteria;p__Bacillota_B;c__DSM-12270;o__Thermacetogeniales;f__Thermacetogeniaceae;g__Palsa-1188;s__Palsa-1188 sp003132605	GCA_003132605.1	95.0	d__Bacteria;p__Bacillota_B;c__DSM-12270;o__Thermacetogeniales;f__Thermacetogeniaceae;g__Palsa-1188;s__Palsa-1188 sp003132605	99.3	0.666							ani_screen	classification based on ANI only	GCA_003160265.1, s__Palsa-1188 sp003160265, 95.0, 92.81, 0.278				
MEGAHIT-CONCOCTRefined-Sample_ID26-SF_10_BOTTOM.7.fa	d__Bacteria;p__Bacteroidota;c__Bacteroidia;o__Bacteroidales;f__FEN-979;g__FEN-979;s__FEN-979 sp003142515	GCA_003142515.1	95.0	d__Bacteria;p__Bacteroidota;c__Bacteroidia;o__Bacteroidales;f__FEN-979;g__FEN-979;s__FEN-979 sp003142515	97.23	0.77							ani_screen	classification based on ANI only	GCA_017882335.1, s__FEN-979 sp017882335, 95.0, 84.85, 0.291				
MEGAHIT-CONCOCTRefined-Sample_ID26-SF_10_BOTTOM.8.fa	d__Bacteria;p__Bacteroidota;c__Bacteroidia;o__Bacteroidales;f__VadinHA17;g__LD21;s__LD21 sp003141415	GCA_003141415.1	95.0	d__Bacteria;p__Bacteroidota;c__Bacteroidia;o__Bacteroidales;f__VadinHA17;g__LD21;s__LD21 sp003141415	99.38	0.868							ani_screen	classification based on ANI only	GCA_003141715.1, s__LD21 sp003141715, 95.0, 84.01, 0.201; GCA_017882305.1, s__LD21 sp017882305, 95.0, 83.75, 0.231				
MEGAHIT-MaxBin2Refined-Sample_ID26-SF_10_BOTTOM.006_sub.fa	d__Bacteria;p__Bacteroidota;c__Ignavibacteria;o__Ignavibacteriales;f__Ignavibacteriaceae;g__Fen-1301;s__						GCA_003141435.1	95.0	d__Bacteria;p__Bacteroidota;c__Ignavibacteria;o__Ignavibacteriales;f__Ignavibacteriaceae;g__Fen-1301;s__Fen-1301 sp003141435	84.2	0.19	d__Bacteria;p__Bacteroidota;c__Ignavibacteria;o__Ignavibacteriales;f__Ignavibacteriaceae;g__Fen-1301;s__	taxonomic classification defined by topology and ANI	classification based on placement in class-level tree		86.36	11.0	0.96215	
MEGAHIT-MetaBAT2Refined-Sample_ID26-SF_10_BOTTOM.11.fa	d__Bacteria;p__Acidobacteriota;c__Thermoanaerobaculia;o__Thermoanaerobaculales;f__Thermoanaerobaculaceae;g__RBG-13-68-16;s__RBG-13-68-16 sp003133645	GCA_003133645.1	95.0	d__Bacteria;p__Acidobacteriota;c__Thermoanaerobaculia;o__Thermoanaerobaculales;f__Thermoanaerobaculaceae;g__RBG-13-68-16;s__RBG-13-68-16 sp003133645	97.95	0.812							ani_screen	classification based on ANI only	GCA_027458945.1, s__RBG-13-68-16 sp027458945, 95.0, 87.05, 0.212; GCA_002279285.1, s__RBG-13-68-16 sp002279285, 95.0, 92.47, 0.658; GCA_021818005.1, s__RBG-13-68-16 sp021818005, 95.0, 84.76, 0.183; GCA_004298115.1, s__RBG-13-68-16 sp004298115, 95.0, 87.55, 0.422				
MEGAHIT-DASToolUnbinned-Sample_ID22-SF_8_BOTTOM.fa	d__Bacteria;p__Caldisericota;c__Caldisericia;o__Cryosericales;f__Cryosericaceae;g__;s__											d__Bacteria;p__Caldisericota;c__Caldisericia;o__Cryosericales;f__Cryosericaceae;g__;s__	taxonomic novelty determined using RED	classification based on placement in class-level tree		22.6	11.0	0.7524	Genome has more than 45.8% of markers with multiple hits
MEGAHIT-DASToolUnbinned-Sample_ID33-SF_14_TOP.fa																			
MEGAHIT-MaxBin2-Sample_ID13-SF_3_TOP.001.fa																			
MEGAHIT-CONCOCT-Sample_ID35-SF_15_TOP_29.fa																			
MEGAHIT-DASToolUnbinned-Sample_ID23-SF_9_TOP.fa																			
MEGAHIT-CONCOCT-Sample_ID31-SF_13_TOP_21.fa																			
MEGAHIT-CONCOCT-Sample_ID15-SF_4_TOP_9.fa																			
MEGAHIT-MaxBin2-Sample_ID19-SF_6_TOP.002.fa																			
MEGAHIT-CONCOCT-Sample_ID15-SF_4_TOP_18.fa																			
MEGAHIT-CONCOCT-Sample_ID15-SF_4_TOP_4.fa																			
MEGAHIT-CONCOCT-Sample_ID31-SF_13_TOP_16.fa																			
MEGAHIT-CONCOCT-Sample_ID35-SF_15_TOP_13.fa																			
MEGAHIT-MetaBAT2-Sample_ID11-SF_1_TOP.3.fa																			
MEGAHIT-DASToolUnbinned-Sample_ID29-SF_12_TOP.fa																			
MEGAHIT-CONCOCT-Sample_ID31-SF_13_TOP_25.fa																			
MEGAHIT-MetaBAT2-Sample_ID11-SF_1_TOP.1.fa	d__Bacteria;p__Acidobacteriota;c__Terriglobia;o__Acidoferrales;f__UBA7541;g__Palsa-295;s__Palsa-295 sp003131985	GCA_003131985.1	95.0	d__Bacteria;p__Acidobacteriota;c__Terriglobia;o__Acidoferrales;f__UBA7541;g__Palsa-295;s__Palsa-295 sp003131985	99.51	0.898							ani_screen	classification based on ANI only	GCA_003167215.1, s__Palsa-295 sp003167215, 95.0, 86.19, 0.268; GCA_003153585.1, s__Palsa-295 sp003153585, 95.0, 85.92, 0.22				
MEGAHIT-MetaBAT2-Sample_ID11-SF_1_TOP.2.fa	d__Bacteria;p__Actinomycetota;c__Actinomycetes;o__Streptosporangiales;f__Streptosporangiaceae;g__Bog-532;s__											d__Bacteria;p__Actinomycetota;c__Actinomycetes;o__Streptosporangiales;f__Streptosporangiaceae;g__Bog-532;s__	taxonomic classification fully defined by topology	classification based on placement in class-level tree		65.36	11.0	0.94733	
MEGAHIT-CONCOCTRefined-Sample_ID19-SF_6_TOP.11.fa	d__Bacteria;p__Actinomycetota;c__Actinomycetes;o__Streptosporangiales;f__Streptosporangiaceae;g__;s__											d__Bacteria;p__Actinomycetota;c__Actinomycetes;o__Streptosporangiales;f__Streptosporangiaceae;g__;s__	taxonomic novelty determined using RED	classification based on placement in class-level tree		30.9	11.0	0.88369	
MEGAHIT-MaxBin2-Sample_ID15-SF_4_TOP.001.fa	d__Bacteria;p__Acidobacteriota;c__Terriglobia;o__Acidoferrales;f__UBA7541;g__Palsa-295;s__Palsa-295 sp003153585	GCA_003153585.1	95.0	d__Bacteria;p__Acidobacteriota;c__Terriglobia;o__Acidoferrales;f__UBA7541;g__Palsa-295;s__Palsa-295 sp003153585	99.07	0.948							ani_screen	classification based on ANI only	GCA_003131985.1, s__Palsa-295 sp003131985, 95.0, 85.17, 0.2; GCA_003167215.1, s__Palsa-295 sp003167215, 95.0, 94.11, 0.777				
MEGAHIT-MaxBin2-Sample_ID15-SF_4_TOP.002.fa	d__Bacteria;p__Actinomycetota;c__Thermoleophilia;o__Solirubrobacterales;f__Solirubrobacteraceae;g__Palsa-465;s__Palsa-465 sp003165655	GCA_003165655.1	95.0	d__Bacteria;p__Actinomycetota;c__Thermoleophilia;o__Solirubrobacterales;f__Solirubrobacteraceae;g__Palsa-465;s__Palsa-465 sp003165655	99.92	0.975							ani_screen	classification based on ANI only					
MEGAHIT-MaxBin2-Sample_ID15-SF_4_TOP.003.fa	d__Bacteria;p__Actinomycetota;c__Actinomycetes;o__Streptosporangiales;f__Streptosporangiaceae;g__Palsa-506;s__Palsa-506 sp003168215	GCA_003168215.1	95.0	d__Bacteria;p__Actinomycetota;c__Actinomycetes;o__Streptosporangiales;f__Streptosporangiaceae;g__Palsa-506;s__Palsa-506 sp003168215	99.83	0.925							ani_screen	classification based on ANI only					
MEGAHIT-MaxBin2-Sample_ID15-SF_4_TOP.004.fa	d__Bacteria;p__Actinomycetota;c__Thermoleophilia;o__Solirubrobacterales;f__Solirubrobacteraceae;g__Palsa-465;s__											d__Bacteria;p__Actinomycetota;c__Thermoleophilia;o__Solirubrobacterales;f__Solirubrobacteraceae;g__Palsa-465;s__	taxonomic classification fully defined by topology	classification based on placement in class-level tree		41.99	11.0	0.91107	Genome has more than 14.2% of markers with multiple hits
MEGAHIT-CONCOCTRefined-Sample_ID15-SF_4_TOP.15.fa	d__Bacteria;p__Acidobacteriota;c__Terriglobia;o__Acidoferrales;f__UBA7541;g__Palsa-295;s__Palsa-295 sp003153585	GCA_003153585.1	95.0	d__Bacteria;p__Acidobacteriota;c__Terriglobia;o__Acidoferrales;f__UBA7541;g__Palsa-295;s__Palsa-295 sp003153585	99.13	0.922							ani_screen	classification based on ANI only	GCA_003131985.1, s__Palsa-295 sp003131985, 95.0, 85.09, 0.197; GCA_003167215.1, s__Palsa-295 sp003167215, 95.0, 94.25, 0.754				
MEGAHIT-MaxBin2Refined-Sample_ID15-SF_4_TOP.004_sub.fa	d__Bacteria;p__Actinomycetota;c__Thermoleophilia;o__Solirubrobacterales;f__Solirubrobacteraceae;g__Palsa-465;s__											d__Bacteria;p__Actinomycetota;c__Thermoleophilia;o__Solirubrobacterales;f__Solirubrobacteraceae;g__Palsa-465;s__	taxonomic classification fully defined by topology	classification based on placement in class-level tree		41.99	11.0	0.91107	Genome has more than 14.2% of markers with multiple hits
MEGAHIT-MetaBAT2Refined-Sample_ID15-SF_4_TOP.2.fa	d__Bacteria;p__Actinomycetota;c__Actinomycetes;o__Streptosporangiales;f__Streptosporangiaceae;g__Palsa-506;s__Palsa-506 sp003168215	GCA_003168215.1	95.0	d__Bacteria;p__Actinomycetota;c__Actinomycetes;o__Streptosporangiales;f__Streptosporangiaceae;g__Palsa-506;s__Palsa-506 sp003168215	99.83	0.867							ani_screen	classification based on ANI only					
MEGAHIT-MetaBAT2Refined-Sample_ID15-SF_4_TOP.5.fa	d__Bacteria;p__Actinomycetota;c__Thermoleophilia;o__Solirubrobacterales;f__Solirubrobacteraceae;g__Palsa-465;s__Palsa-465 sp003165655	GCA_003165655.1	95.0	d__Bacteria;p__Actinomycetota;c__Thermoleophilia;o__Solirubrobacterales;f__Solirubrobacteraceae;g__Palsa-465;s__Palsa-465 sp003165655	99.92	0.978							ani_screen	classification based on ANI only					
MEGAHIT-DASToolUnbinned-Sample_ID11-SF_1_TOP.fa	d__Bacteria;p__Actinomycetota;c__Actinomycetes;o__Streptosporangiales;f__Streptosporangiaceae;g__JAFARZ01;s__											d__Bacteria;p__Actinomycetota;c__Actinomycetes;o__Streptosporangiales;f__Streptosporangiaceae;g__JAFARZ01;s__	taxonomic novelty determined using RED	classification based on placement in class-level tree		27.57	11.0	0.9394	Genome has more than 25.8% of markers with multiple hits
MEGAHIT-MetaBAT2-Sample_ID15-SF_4_TOP.1.fa	d__Bacteria;p__Acidobacteriota;c__Terriglobia;o__Acidoferrales;f__UBA7541;g__Palsa-295;s__Palsa-295 sp003153585	GCA_003153585.1	95.0	d__Bacteria;p__Acidobacteriota;c__Terriglobia;o__Acidoferrales;f__UBA7541;g__Palsa-295;s__Palsa-295 sp003153585	99.13	0.931							ani_screen	classification based on ANI only	GCA_003167215.1, s__Palsa-295 sp003167215, 95.0, 94.24, 0.765; GCA_003131985.1, s__Palsa-295 sp003131985, 95.0, 85.11, 0.197				
MEGAHIT-MetaBAT2-Sample_ID15-SF_4_TOP.2.fa	d__Bacteria;p__Actinomycetota;c__Actinomycetes;o__Streptosporangiales;f__Streptosporangiaceae;g__Palsa-506;s__Palsa-506 sp003168215	GCA_003168215.1	95.0	d__Bacteria;p__Actinomycetota;c__Actinomycetes;o__Streptosporangiales;f__Streptosporangiaceae;g__Palsa-506;s__Palsa-506 sp003168215	99.83	0.867							ani_screen	classification based on ANI only					
MEGAHIT-MetaBAT2-Sample_ID15-SF_4_TOP.3.fa	d__Bacteria;p__Actinomycetota;c__Thermoleophilia;o__Solirubrobacterales;f__Solirubrobacteraceae;g__Palsa-465;s__											d__Bacteria;p__Actinomycetota;c__Thermoleophilia;o__Solirubrobacterales;f__Solirubrobacteraceae;g__Palsa-465;s__	taxonomic classification fully defined by topology	classification based on placement in class-level tree		39.4	11.0	0.9447	
MEGAHIT-MetaBAT2-Sample_ID15-SF_4_TOP.4.fa	d__Bacteria;p__Acidobacteriota;c__Terriglobia;o__Acidoferrales;f__UBA7541;g__Palsa-147;s__						GCA_003152355.1	95.0	d__Bacteria;p__Acidobacteriota;c__Terriglobia;o__Acidoferrales;f__UBA7541;g__Palsa-147;s__Palsa-147 sp003152355	92.9	0.385	d__Bacteria;p__Acidobacteriota;c__Terriglobia;o__Acidoferrales;f__UBA7541;g__Palsa-147;s__	taxonomic classification defined by topology and ANI	classification based on placement in class-level tree		12.31	11.0	0.98625	
MEGAHIT-MetaBAT2-Sample_ID15-SF_4_TOP.5.fa	d__Bacteria;p__Actinomycetota;c__Thermoleophilia;o__Solirubrobacterales;f__Solirubrobacteraceae;g__Palsa-465;s__Palsa-465 sp003165655	GCA_003165655.1	95.0	d__Bacteria;p__Actinomycetota;c__Thermoleophilia;o__Solirubrobacterales;f__Solirubrobacteraceae;g__Palsa-465;s__Palsa-465 sp003165655	99.92	0.978							ani_screen	classification based on ANI only					
MEGAHIT-MetaBAT2-Sample_ID35-SF_15_TOP.1.fa	d__Bacteria;p__Bacteroidota;c__Bacteroidia;o__Bacteroidales;f__VadinHA17;g__LD21;s__											d__Bacteria;p__Bacteroidota;c__Bacteroidia;o__Bacteroidales;f__VadinHA17;g__LD21;s__	taxonomic classification fully defined by topology	classification based on placement in class-level tree		43.08	11.0	0.98492	
MEGAHIT-MetaBAT2-Sample_ID35-SF_15_TOP.2.fa	d__Bacteria;p__Nitrospirota;c__Thermodesulfovibrionia;o__Thermodesulfovibrionales;f__Dissulfurispiraceae;g__Fen-1308;s__Fen-1308 sp003170655	GCA_003170655.1	95.0	d__Bacteria;p__Nitrospirota;c__Thermodesulfovibrionia;o__Thermodesulfovibrionales;f__Dissulfurispiraceae;g__Fen-1308;s__Fen-1308 sp003170655	99.61	0.937							ani_screen	classification based on ANI only					
MEGAHIT-MetaBAT2-Sample_ID35-SF_15_TOP.3.fa	d__Bacteria;p__Bacteroidota;c__Bacteroidia;o__Bacteroidales;f__VadinHA17;g__LD21;s__						GCA_003141495.1	95.0	d__Bacteria;p__Bacteroidota;c__Bacteroidia;o__Bacteroidales;f__VadinHA17;g__LD21;s__LD21 sp003141495	96.03	0.629	d__Bacteria;p__Bacteroidota;c__Bacteroidia;o__Bacteroidales;f__VadinHA17;g__LD21;s__	taxonomic classification defined by topology and ANI	classification based on placement in class-level tree	GCA_003162595.1, s__LD21 sp003162595, 95.0, 91.36, 0.343	70.39	11.0	0.99555	Genome has more than 12.5% of markers with multiple hits
MEGAHIT-MaxBin2-Sample_ID11-SF_1_TOP.001.fa	d__Bacteria;p__Acidobacteriota;c__Terriglobia;o__Acidoferrales;f__UBA7541;g__Palsa-295;s__Palsa-295 sp003131985	GCA_003131985.1	95.0	d__Bacteria;p__Acidobacteriota;c__Terriglobia;o__Acidoferrales;f__UBA7541;g__Palsa-295;s__Palsa-295 sp003131985	99.47	0.924							ani_screen	classification based on ANI only	GCA_003153585.1, s__Palsa-295 sp003153585, 95.0, 87.25, 0.263; GCA_003167215.1, s__Palsa-295 sp003167215, 95.0, 86.79, 0.295				
MEGAHIT-MaxBin2-Sample_ID11-SF_1_TOP.002.fa	d__Bacteria;p__Actinomycetota;c__Actinomycetes;o__Streptosporangiales;f__Streptosporangiaceae;g__Bog-532;s__											d__Bacteria;p__Actinomycetota;c__Actinomycetes;o__Streptosporangiales;f__Streptosporangiaceae;g__Bog-532;s__	taxonomic classification fully defined by topology	classification based on placement in class-level tree		57.18	11.0	0.94418	Genome has more than 26.7% of markers with multiple hits
MEGAHIT-DASToolUnbinned-Sample_ID25-SF_10_TOP.fa	d__Bacteria;p__;c__;o__;f__;g__;s__											d__Bacteria;p__Acidobacteriota;c__Terriglobia;o__;f__;g__;s__	taxonomic novelty determined using RED	classification based on consensus between backbone and class-level tree		15.89	11.0	0.42344	Genome has more than 75.0% of markers with multiple hits
MEGAHIT-MetaBAT2-Sample_ID31-SF_13_TOP.1.fa	d__Bacteria;p__Actinomycetota;c__Acidimicrobiia;o__Acidimicrobiales;f__RAAP-2;g__RAAP-2;s__						GCA_937881055.1	95.0	d__Bacteria;p__Actinomycetota;c__Acidimicrobiia;o__Acidimicrobiales;f__RAAP-2;g__RAAP-2;s__RAAP-2 sp937881055	90.45	0.164	d__Bacteria;p__Actinomycetota;c__Acidimicrobiia;o__Acidimicrobiales;f__RAAP-2;g__RAAP-2;s__	taxonomic classification defined by topology and ANI	classification based on placement in class-level tree		29.99	11.0	0.98802	
MEGAHIT-MetaBAT2-Sample_ID31-SF_13_TOP.2.fa	d__Bacteria;p__Acidobacteriota;c__Terriglobia;o__Terriglobales;f__SbA1;g__QIAJ01;s__											d__Bacteria;p__Acidobacteriota;c__Terriglobia;o__Terriglobales;f__SbA1;g__QIAJ01;s__	taxonomic classification fully defined by topology	classification based on placement in class-level tree		22.94	11.0	0.98764	
MEGAHIT-CONCOCT-Sample_ID13-SF_3_TOP_20.fa	d__Bacteria;p__Acidobacteriota;c__Terriglobia;o__Acidoferrales;f__UBA7541;g__Palsa-295;s__											d__Bacteria;p__Acidobacteriota;c__Terriglobia;o__Acidoferrales;f__UBA7541;g__Palsa-295;s__	taxonomic classification defined by topology and ANI	classification based on placement in class-level tree	GCA_003131985.1, s__Palsa-295 sp003131985, 95.0, 99.64, 0.564; GCA_003156635.1, s__Palsa-295 sp003156635, 95.0, 99.44, 0.179	10.92	11.0	0.94524	
MEGAHIT-MaxBin2-Sample_ID31-SF_13_TOP.002.fa	d__Bacteria;p__Acidobacteriota;c__Terriglobia;o__Terriglobales;f__SbA1;g__QIAJ01;s__											d__Bacteria;p__Acidobacteriota;c__Terriglobia;o__Terriglobales;f__SbA1;g__QIAJ01;s__	taxonomic classification fully defined by topology	classification based on placement in class-level tree		36.56	11.0	0.97001	
MEGAHIT-MaxBin2-Sample_ID31-SF_13_TOP.003.fa	d__Bacteria;p__Actinomycetota;c__Acidimicrobiia;o__Acidimicrobiales;f__RAAP-2;g__RAAP-2;s__											d__Bacteria;p__Actinomycetota;c__Acidimicrobiia;o__Acidimicrobiales;f__RAAP-2;g__RAAP-2;s__	taxonomic classification fully defined by topology	classification based on placement in class-level tree		47.19	11.0	0.98779	Genome has more than 12.5% of markers with multiple hits
MEGAHIT-DASToolUnbinned-Sample_ID21-SF_8_TOP.fa	Unclassified Bacteria																		Insufficient number of amino acids in MSA (8.6%)
MEGAHIT-DASToolUnbinned-Sample_ID27-SF_11_TOP.fa	d__Bacteria;p__Actinomycetota;c__Actinomycetes;o__Streptosporangiales;f__Streptosporangiaceae;g__Palsa-504;s__											d__Bacteria;p__Actinomycetota;c__Actinomycetes;o__Streptosporangiales;f__Streptosporangiaceae;g__Palsa-504;s__	taxonomic classification fully defined by topology	classification based on placement in class-level tree		25.22	11.0	0.98004	Genome has more than 18.3% of markers with multiple hits
MEGAHIT-MetaBAT2-Sample_ID19-SF_6_TOP.1.fa	d__Bacteria;p__Actinomycetota;c__Actinomycetes;o__Streptosporangiales;f__Streptosporangiaceae;g__;s__											d__Bacteria;p__Actinomycetota;c__Actinomycetes;o__Streptosporangiales;f__Streptosporangiaceae;g__;s__	taxonomic novelty determined using RED	classification based on placement in class-level tree		16.82	11.0	0.90033	
MEGAHIT-MetaBAT2Refined-Sample_ID11-SF_1_TOP.1.fa	d__Bacteria;p__Acidobacteriota;c__Terriglobia;o__Acidoferrales;f__UBA7541;g__Palsa-295;s__Palsa-295 sp003131985	GCA_003131985.1	95.0	d__Bacteria;p__Acidobacteriota;c__Terriglobia;o__Acidoferrales;f__UBA7541;g__Palsa-295;s__Palsa-295 sp003131985	99.51	0.898							ani_screen	classification based on ANI only	GCA_003153585.1, s__Palsa-295 sp003153585, 95.0, 85.92, 0.22; GCA_003167215.1, s__Palsa-295 sp003167215, 95.0, 86.19, 0.268				
MEGAHIT-MetaBAT2Refined-Sample_ID11-SF_1_TOP.2.fa	d__Bacteria;p__Actinomycetota;c__Actinomycetes;o__Streptosporangiales;f__Streptosporangiaceae;g__Bog-532;s__											d__Bacteria;p__Actinomycetota;c__Actinomycetes;o__Streptosporangiales;f__Streptosporangiaceae;g__Bog-532;s__	taxonomic classification fully defined by topology	classification based on placement in class-level tree		65.36	11.0	0.94733	
MEGAHIT-DASToolUnbinned-Sample_ID37-SF_16_TOP.fa	d__Bacteria;p__Actinomycetota;c__Actinomycetes;o__Streptosporangiales;f__Streptosporangiaceae;g__RYN-230;s__											d__Bacteria;p__Actinomycetota;c__Actinomycetes;o__Streptosporangiales;f__Streptosporangiaceae;g__RYN-230;s__	taxonomic novelty determined using RED	classification based on placement in class-level tree		27.65	11.0	0.93616	Genome has more than 34.2% of markers with multiple hits
MEGAHIT-CONCOCT-Sample_ID35-SF_15_TOP_19.fa	d__Bacteria;p__Chloroflexota;c__Limnocylindria;o__Limnocylindrales;f__CSP1-4;g__CTSoil-043;s__						GCA_031292335.1	95.0	d__Bacteria;p__Chloroflexota;c__Limnocylindria;o__Limnocylindrales;f__CSP1-4;g__CTSoil-043;s__CTSoil-043 sp031292335	95.63	0.443	d__Bacteria;p__Chloroflexota;c__Limnocylindria;o__Limnocylindrales;f__CSP1-4;g__CTSoil-043;s__	taxonomic classification defined by topology and ANI	classification based on placement in class-level tree		22.5	11.0	0.98514	
MEGAHIT-CONCOCT-Sample_ID35-SF_15_TOP_30.fa	d__Bacteria;p__Bacteroidota;c__Bacteroidia;o__Bacteroidales;f__VadinHA17;g__LD21;s__											d__Bacteria;p__Bacteroidota;c__Bacteroidia;o__Bacteroidales;f__VadinHA17;g__LD21;s__	taxonomic classification fully defined by topology	classification based on placement in class-level tree		25.68	11.0	0.97571	
MEGAHIT-CONCOCT-Sample_ID35-SF_15_TOP_32.fa	d__Bacteria;p__Bacteroidota;c__Bacteroidia;o__Bacteroidales;f__VadinHA17;g__LD21;s__						GCA_003141495.1	95.0	d__Bacteria;p__Bacteroidota;c__Bacteroidia;o__Bacteroidales;f__VadinHA17;g__LD21;s__LD21 sp003141495	95.89	0.507	d__Bacteria;p__Bacteroidota;c__Bacteroidia;o__Bacteroidales;f__VadinHA17;g__LD21;s__	taxonomic classification defined by topology and ANI	classification based on placement in class-level tree	GCA_003162595.1, s__LD21 sp003162595, 95.0, 91.21, 0.272	46.14	11.0	0.99321	Genome has more than 37.5% of markers with multiple hits
MEGAHIT-CONCOCT-Sample_ID35-SF_15_TOP_7.fa	d__Bacteria;p__Nitrospirota;c__Thermodesulfovibrionia;o__Thermodesulfovibrionales;f__Dissulfurispiraceae;g__Fen-1308;s__Fen-1308 sp003170655	GCA_003170655.1	95.0	d__Bacteria;p__Nitrospirota;c__Thermodesulfovibrionia;o__Thermodesulfovibrionales;f__Dissulfurispiraceae;g__Fen-1308;s__Fen-1308 sp003170655	99.6	0.942							ani_screen	classification based on ANI only					
MEGAHIT-CONCOCT-Sample_ID31-SF_13_TOP_14.fa	d__Bacteria;p__Acidobacteriota;c__Terriglobia;o__Terriglobales;f__SbA1;g__QIAJ01;s__											d__Bacteria;p__Acidobacteriota;c__Terriglobia;o__Terriglobales;f__SbA1;g__QIAJ01;s__	taxonomic classification fully defined by topology	classification based on placement in class-level tree		36.64	11.0	0.97024	
MEGAHIT-CONCOCT-Sample_ID31-SF_13_TOP_9.fa	d__Bacteria;p__Actinomycetota;c__Acidimicrobiia;o__Acidimicrobiales;f__RAAP-2;g__RAAP-2;s__											d__Bacteria;p__Actinomycetota;c__Acidimicrobiia;o__Acidimicrobiales;f__RAAP-2;g__RAAP-2;s__	taxonomic classification fully defined by topology	classification based on placement in class-level tree		50.82	11.0	0.9876	
MEGAHIT-DASToolUnbinned-Sample_ID35-SF_15_TOP.fa	d__Archaea;p__Methanobacteriota;c__Methanobacteria;o__Methanobacteriales;f__Methanobacteriaceae;g__Methanobacterium_B;s__											d__Archaea;p__Methanobacteriota;c__Methanobacteria;o__Methanobacteriales;f__Methanobacteriaceae;g__Methanobacterium_B;s__	taxonomic classification fully defined by topology			26.29	11.0	0.97683	Genome has more than 13.2% of markers with multiple hits;Genome domain questionable ( 28.3% Bacterial, 30.2% Archaeal)
MEGAHIT-CONCOCT-Sample_ID15-SF_4_TOP_0.fa	d__Bacteria;p__Actinomycetota;c__Actinomycetes;o__Streptosporangiales;f__Streptosporangiaceae;g__Palsa-506;s__						GCA_003168215.1	95.0	d__Bacteria;p__Actinomycetota;c__Actinomycetes;o__Streptosporangiales;f__Streptosporangiaceae;g__Palsa-506;s__Palsa-506 sp003168215	99.86	0.397	d__Bacteria;p__Actinomycetota;c__Actinomycetes;o__Streptosporangiales;f__Streptosporangiaceae;g__Palsa-506;s__	taxonomic classification defined by topology and ANI	classification based on placement in class-level tree		14.62	11.0	0.92761	
MEGAHIT-CONCOCT-Sample_ID15-SF_4_TOP_1.fa	d__Bacteria;p__Actinomycetota;c__Thermoleophilia;o__Solirubrobacterales;f__Solirubrobacteraceae;g__Palsa-465;s__											d__Bacteria;p__Actinomycetota;c__Thermoleophilia;o__Solirubrobacterales;f__Solirubrobacteraceae;g__Palsa-465;s__	taxonomic classification fully defined by topology	classification based on placement in class-level tree		32.29	11.0	0.94956	
MEGAHIT-CONCOCT-Sample_ID15-SF_4_TOP_12.fa	d__Bacteria;p__Acidobacteriota;c__Terriglobia;o__Acidoferrales;f__UBA7541;g__Palsa-147;s__						GCA_003152355.1	95.0	d__Bacteria;p__Acidobacteriota;c__Terriglobia;o__Acidoferrales;f__UBA7541;g__Palsa-147;s__Palsa-147 sp003152355	93.57	0.191	d__Bacteria;p__Acidobacteriota;c__Terriglobia;o__Acidoferrales;f__UBA7541;g__Palsa-147;s__	taxonomic classification defined by topology and ANI	classification based on placement in class-level tree		15.41	11.0	0.97094	
MEGAHIT-CONCOCT-Sample_ID15-SF_4_TOP_14.fa	d__Bacteria;p__Actinomycetota;c__Actinomycetes;o__Streptosporangiales;f__Streptosporangiaceae;g__Palsa-506;s__						GCA_003168215.1	95.0	d__Bacteria;p__Actinomycetota;c__Actinomycetes;o__Streptosporangiales;f__Streptosporangiaceae;g__Palsa-506;s__Palsa-506 sp003168215	99.9	0.645	d__Bacteria;p__Actinomycetota;c__Actinomycetes;o__Streptosporangiales;f__Streptosporangiaceae;g__Palsa-506;s__	taxonomic classification defined by topology and ANI	classification based on placement in class-level tree		12.14	11.0	0.99999	
MEGAHIT-CONCOCT-Sample_ID15-SF_4_TOP_15.fa	d__Bacteria;p__Acidobacteriota;c__Terriglobia;o__Acidoferrales;f__UBA7541;g__Palsa-295;s__Palsa-295 sp003153585	GCA_003153585.1	95.0	d__Bacteria;p__Acidobacteriota;c__Terriglobia;o__Acidoferrales;f__UBA7541;g__Palsa-295;s__Palsa-295 sp003153585	99.13	0.922							ani_screen	classification based on ANI only	GCA_003167215.1, s__Palsa-295 sp003167215, 95.0, 94.25, 0.754; GCA_003131985.1, s__Palsa-295 sp003131985, 95.0, 85.09, 0.197				
MEGAHIT-CONCOCT-Sample_ID15-SF_4_TOP_19.fa	d__Bacteria;p__Eremiobacterota;c__Eremiobacteria;o__;f__;g__;s__											d__Bacteria;p__Eremiobacterota;c__Eremiobacteria;o__;f__;g__;s__	taxonomic novelty determined using RED	classification based on placement in class-level tree		19.7	11.0	0.4388	
MEGAHIT-CONCOCT-Sample_ID15-SF_4_TOP_20.fa	d__Bacteria;p__Actinomycetota;c__Actinomycetes;o__Streptosporangiales;f__Streptosporangiaceae;g__Palsa-506;s__Palsa-506 sp003168215	GCA_003168215.1	95.0	d__Bacteria;p__Actinomycetota;c__Actinomycetes;o__Streptosporangiales;f__Streptosporangiaceae;g__Palsa-506;s__Palsa-506 sp003168215	99.81	0.797							ani_screen	classification based on ANI only					
MEGAHIT-CONCOCT-Sample_ID15-SF_4_TOP_3.fa	d__Bacteria;p__Actinomycetota;c__Thermoleophilia;o__Solirubrobacterales;f__Solirubrobacteraceae;g__Palsa-465;s__Palsa-465 sp003165655	GCA_003165655.1	95.0	d__Bacteria;p__Actinomycetota;c__Thermoleophilia;o__Solirubrobacterales;f__Solirubrobacteraceae;g__Palsa-465;s__Palsa-465 sp003165655	99.92	0.976							ani_screen	classification based on ANI only					
MEGAHIT-CONCOCTRefined-Sample_ID31-SF_13_TOP.9.fa	d__Bacteria;p__Actinomycetota;c__Acidimicrobiia;o__Acidimicrobiales;f__RAAP-2;g__RAAP-2;s__											d__Bacteria;p__Actinomycetota;c__Acidimicrobiia;o__Acidimicrobiales;f__RAAP-2;g__RAAP-2;s__	taxonomic classification fully defined by topology	classification based on placement in class-level tree		50.82	11.0	0.9876	
MEGAHIT-DASToolUnbinned-Sample_ID15-SF_4_TOP.fa	d__Bacteria;p__Acidobacteriota;c__Terriglobia;o__Acidoferrales;f__UBA7541;g__Palsa-147;s__											d__Bacteria;p__Acidobacteriota;c__Terriglobia;o__Acidoferrales;f__UBA7541;g__Palsa-147;s__	taxonomic classification fully defined by topology	classification based on placement in class-level tree		21.75	11.0	0.9564	Genome has more than 15.8% of markers with multiple hits
MEGAHIT-MaxBin2-Sample_ID19-SF_6_TOP.001.fa	d__Bacteria;p__Actinomycetota;c__Actinomycetes;o__Streptosporangiales;f__Streptosporangiaceae;g__;s__											d__Bacteria;p__Actinomycetota;c__Actinomycetes;o__Streptosporangiales;f__Streptosporangiaceae;g__;s__	taxonomic novelty determined using RED	classification based on placement in class-level tree		29.77	11.0	0.88461	
MEGAHIT-DASToolUnbinned-Sample_ID31-SF_13_TOP.fa	d__Bacteria;p__Acidobacteriota;c__Terriglobia;o__Terriglobales;f__SbA1;g__QIAJ01;s__											d__Bacteria;p__Acidobacteriota;c__Terriglobia;o__Terriglobales;f__SbA1;g__QIAJ01;s__	taxonomic classification fully defined by topology	classification based on placement in class-level tree		37.0	11.0	0.97255	Genome has more than 11.7% of markers with multiple hits
MEGAHIT-CONCOCTRefined-Sample_ID35-SF_15_TOP.7.fa	d__Bacteria;p__Nitrospirota;c__Thermodesulfovibrionia;o__Thermodesulfovibrionales;f__Dissulfurispiraceae;g__Fen-1308;s__Fen-1308 sp003170655	GCA_003170655.1	95.0	d__Bacteria;p__Nitrospirota;c__Thermodesulfovibrionia;o__Thermodesulfovibrionales;f__Dissulfurispiraceae;g__Fen-1308;s__Fen-1308 sp003170655	99.6	0.942							ani_screen	classification based on ANI only					
MEGAHIT-MaxBin2Refined-Sample_ID35-SF_15_TOP.003.fa	d__Bacteria;p__Bacteroidota;c__Bacteroidia;o__Bacteroidales;f__VadinHA17;g__LD21;s__											d__Bacteria;p__Bacteroidota;c__Bacteroidia;o__Bacteroidales;f__VadinHA17;g__LD21;s__	taxonomic classification fully defined by topology	classification based on placement in class-level tree		57.7	11.0	0.98414	
MEGAHIT-MetaBAT2Refined-Sample_ID35-SF_15_TOP.3_sub.fa	d__Bacteria;p__Bacteroidota;c__Bacteroidia;o__Bacteroidales;f__VadinHA17;g__LD21;s__LD21 sp003141495	GCA_003141495.1	95.0	d__Bacteria;p__Bacteroidota;c__Bacteroidia;o__Bacteroidales;f__VadinHA17;g__LD21;s__LD21 sp003141495	96.05	0.674							ani_screen	classification based on ANI only	GCA_003162595.1, s__LD21 sp003162595, 95.0, 91.36, 0.368				
MEGAHIT-MaxBin2-Sample_ID35-SF_15_TOP.001.fa	d__Bacteria;p__Nitrospirota;c__Thermodesulfovibrionia;o__Thermodesulfovibrionales;f__Dissulfurispiraceae;g__Fen-1308;s__Fen-1308 sp003170655	GCA_003170655.1	95.0	d__Bacteria;p__Nitrospirota;c__Thermodesulfovibrionia;o__Thermodesulfovibrionales;f__Dissulfurispiraceae;g__Fen-1308;s__Fen-1308 sp003170655	99.57	0.97							ani_screen	classification based on ANI only					
MEGAHIT-MaxBin2-Sample_ID35-SF_15_TOP.002.fa	d__Bacteria;p__Bacteroidota;c__Bacteroidia;o__Bacteroidales;f__VadinHA17;g__LD21;s__						GCA_003141495.1	95.0	d__Bacteria;p__Bacteroidota;c__Bacteroidia;o__Bacteroidales;f__VadinHA17;g__LD21;s__LD21 sp003141495	96.08	0.587	d__Bacteria;p__Bacteroidota;c__Bacteroidia;o__Bacteroidales;f__VadinHA17;g__LD21;s__	taxonomic classification defined by topology and ANI	classification based on placement in class-level tree	GCA_003162595.1, s__LD21 sp003162595, 95.0, 91.42, 0.287	74.58	11.0	0.99492	Genome has more than 15.0% of markers with multiple hits
MEGAHIT-MaxBin2-Sample_ID35-SF_15_TOP.003.fa	d__Bacteria;p__Bacteroidota;c__Bacteroidia;o__Bacteroidales;f__VadinHA17;g__LD21;s__											d__Bacteria;p__Bacteroidota;c__Bacteroidia;o__Bacteroidales;f__VadinHA17;g__LD21;s__	taxonomic classification fully defined by topology	classification based on placement in class-level tree		57.7	11.0	0.98414	
